PSIS_REFYEAR_D_CODE,PSIS_PROVOFSTUDY_CODE,PSIS_PRGCODECIP6_D_CODE,PSIS_PCSCE_D_CODE,PSIS_GENDER_CODE,_COUNT_
,,,,,13845
,,,,1,7400
,,,,2,6445
,,,66,,9825
,,,66,1,5175
,,,66,2,4650
,,,76,,2490
,,,76,1,1290
,,,76,2,1200
,,,86,,1530
,,,86,1,935
,,,86,2,595
,,26.1102,,,350
,,26.1102,,1,165
,,26.1102,,2,185
,,26.1102,66,,15
,,26.1102,66,1,10
,,26.1102,66,2,5
,,26.1102,76,,170
,,26.1102,76,1,70
,,26.1102,76,2,100
,,26.1102,86,,165
,,26.1102,86,1,85
,,26.1102,86,2,80
,,27.0501,,,13495
,,27.0501,,1,7235
,,27.0501,,2,6260
,,27.0501,66,,9810
,,27.0501,66,1,5165
,,27.0501,66,2,4645
,,27.0501,76,,2320
,,27.0501,76,1,1220
,,27.0501,76,2,1100
,,27.0501,86,,1365
,,27.0501,86,1,850
,,27.0501,86,2,515
,10,,,,280
,10,,,1,170
,10,,,2,110
,10,,66,,65
,10,,66,1,40
,10,,66,2,25
,10,,76,,145
,10,,76,1,80
,10,,76,2,65
,10,,86,,70
,10,,86,1,50
,10,,86,2,20
,10,26.1102,,,0
,10,26.1102,,1,0
,10,26.1102,,2,0
,10,26.1102,66,,0
,10,26.1102,66,1,0
,10,26.1102,66,2,0
,10,26.1102,76,,0
,10,26.1102,76,1,0
,10,26.1102,76,2,0
,10,26.1102,86,,0
,10,26.1102,86,1,0
,10,26.1102,86,2,0
,10,27.0501,,,280
,10,27.0501,,1,170
,10,27.0501,,2,110
,10,27.0501,66,,65
,10,27.0501,66,1,40
,10,27.0501,66,2,25
,10,27.0501,76,,145
,10,27.0501,76,1,80
,10,27.0501,76,2,65
,10,27.0501,86,,70
,10,27.0501,86,1,50
,10,27.0501,86,2,20
,12,,,,325
,12,,,1,180
,12,,,2,145
,12,,66,,165
,12,,66,1,100
,12,,66,2,65
,12,,76,,105
,12,,76,1,50
,12,,76,2,55
,12,,86,,55
,12,,86,1,30
,12,,86,2,25
,12,26.1102,,,0
,12,26.1102,,1,0
,12,26.1102,,2,0
,12,26.1102,66,,0
,12,26.1102,66,1,0
,12,26.1102,66,2,0
,12,26.1102,76,,0
,12,26.1102,76,1,0
,12,26.1102,76,2,0
,12,26.1102,86,,0
,12,26.1102,86,1,0
,12,26.1102,86,2,0
,12,27.0501,,,325
,12,27.0501,,1,180
,12,27.0501,,2,145
,12,27.0501,66,,165
,12,27.0501,66,1,100
,12,27.0501,66,2,65
,12,27.0501,76,,105
,12,27.0501,76,1,50
,12,27.0501,76,2,55
,12,27.0501,86,,55
,12,27.0501,86,1,30
,12,27.0501,86,2,25
,13,,,,35
,13,,,1,15
,13,,,2,20
,13,,66,,0
,13,,66,1,0
,13,,66,2,0
,13,,76,,25
,13,,76,1,10
,13,,76,2,15
,13,,86,,10
,13,,86,1,5
,13,,86,2,5
,13,26.1102,,,0
,13,26.1102,,1,0
,13,26.1102,,2,0
,13,26.1102,66,,0
,13,26.1102,66,1,0
,13,26.1102,66,2,0
,13,26.1102,76,,0
,13,26.1102,76,1,0
,13,26.1102,76,2,0
,13,26.1102,86,,0
,13,26.1102,86,1,0
,13,26.1102,86,2,0
,13,27.0501,,,35
,13,27.0501,,1,15
,13,27.0501,,2,20
,13,27.0501,66,,0
,13,27.0501,66,1,0
,13,27.0501,66,2,0
,13,27.0501,76,,25
,13,27.0501,76,1,10
,13,27.0501,76,2,15
,13,27.0501,86,,10
,13,27.0501,86,1,5
,13,27.0501,86,2,5
,24,,,,2120
,24,,,1,1195
,24,,,2,925
,24,,66,,1250
,24,,66,1,675
,24,,66,2,575
,24,,76,,680
,24,,76,1,385
,24,,76,2,295
,24,,86,,190
,24,,86,1,135
,24,,86,2,55
,24,26.1102,,,200
,24,26.1102,,1,90
,24,26.1102,,2,110
,24,26.1102,66,,0
,24,26.1102,66,1,0
,24,26.1102,66,2,0
,24,26.1102,76,,115
,24,26.1102,76,1,50
,24,26.1102,76,2,65
,24,26.1102,86,,85
,24,26.1102,86,1,40
,24,26.1102,86,2,45
,24,27.0501,,,1920
,24,27.0501,,1,1105
,24,27.0501,,2,815
,24,27.0501,66,,1250
,24,27.0501,66,1,675
,24,27.0501,66,2,575
,24,27.0501,76,,565
,24,27.0501,76,1,335
,24,27.0501,76,2,230
,24,27.0501,86,,105
,24,27.0501,86,1,95
,24,27.0501,86,2,10
,35,,,,6975
,35,,,1,3710
,35,,,2,3265
,35,,66,,5405
,35,,66,1,2845
,35,,66,2,2560
,35,,76,,885
,35,,76,1,460
,35,,76,2,425
,35,,86,,685
,35,,86,1,405
,35,,86,2,280
,35,26.1102,,,115
,35,26.1102,,1,50
,35,26.1102,,2,65
,35,26.1102,66,,15
,35,26.1102,66,1,10
,35,26.1102,66,2,5
,35,26.1102,76,,35
,35,26.1102,76,1,10
,35,26.1102,76,2,25
,35,26.1102,86,,65
,35,26.1102,86,1,30
,35,26.1102,86,2,35
,35,27.0501,,,6860
,35,27.0501,,1,3660
,35,27.0501,,2,3200
,35,27.0501,66,,5390
,35,27.0501,66,1,2835
,35,27.0501,66,2,2555
,35,27.0501,76,,850
,35,27.0501,76,1,450
,35,27.0501,76,2,400
,35,27.0501,86,,620
,35,27.0501,86,1,375
,35,27.0501,86,2,245
,46,,,,540
,46,,,1,265
,46,,,2,275
,46,,66,,295
,46,,66,1,145
,46,,66,2,150
,46,,76,,130
,46,,76,1,65
,46,,76,2,65
,46,,86,,115
,46,,86,1,55
,46,,86,2,60
,46,26.1102,,,0
,46,26.1102,,1,0
,46,26.1102,,2,0
,46,26.1102,66,,0
,46,26.1102,66,1,0
,46,26.1102,66,2,0
,46,26.1102,76,,0
,46,26.1102,76,1,0
,46,26.1102,76,2,0
,46,26.1102,86,,0
,46,26.1102,86,1,0
,46,26.1102,86,2,0
,46,27.0501,,,540
,46,27.0501,,1,265
,46,27.0501,,2,275
,46,27.0501,66,,295
,46,27.0501,66,1,145
,46,27.0501,66,2,150
,46,27.0501,76,,130
,46,27.0501,76,1,65
,46,27.0501,76,2,65
,46,27.0501,86,,115
,46,27.0501,86,1,55
,46,27.0501,86,2,60
,47,,,,195
,47,,,1,120
,47,,,2,75
,47,,66,,100
,47,,66,1,65
,47,,66,2,35
,47,,76,,60
,47,,76,1,30
,47,,76,2,30
,47,,86,,35
,47,,86,1,25
,47,,86,2,10
,47,26.1102,,,35
,47,26.1102,,1,25
,47,26.1102,,2,10
,47,26.1102,66,,0
,47,26.1102,66,1,0
,47,26.1102,66,2,0
,47,26.1102,76,,20
,47,26.1102,76,1,10
,47,26.1102,76,2,10
,47,26.1102,86,,15
,47,26.1102,86,1,15
,47,26.1102,86,2,0
,47,27.0501,,,160
,47,27.0501,,1,95
,47,27.0501,,2,65
,47,27.0501,66,,100
,47,27.0501,66,1,65
,47,27.0501,66,2,35
,47,27.0501,76,,40
,47,27.0501,76,1,20
,47,27.0501,76,2,20
,47,27.0501,86,,20
,47,27.0501,86,1,10
,47,27.0501,86,2,10
,48,,,,660
,48,,,1,335
,48,,,2,325
,48,,66,,660
,48,,66,1,335
,48,,66,2,325
,48,,76,,0
,48,,76,1,0
,48,,76,2,0
,48,,86,,0
,48,,86,1,0
,48,,86,2,0
,48,26.1102,,,0
,48,26.1102,,1,0
,48,26.1102,,2,0
,48,26.1102,66,,0
,48,26.1102,66,1,0
,48,26.1102,66,2,0
,48,26.1102,76,,0
,48,26.1102,76,1,0
,48,26.1102,76,2,0
,48,26.1102,86,,0
,48,26.1102,86,1,0
,48,26.1102,86,2,0
,48,27.0501,,,660
,48,27.0501,,1,335
,48,27.0501,,2,325
,48,27.0501,66,,660
,48,27.0501,66,1,335
,48,27.0501,66,2,325
,48,27.0501,76,,0
,48,27.0501,76,1,0
,48,27.0501,76,2,0
,48,27.0501,86,,0
,48,27.0501,86,1,0
,48,27.0501,86,2,0
,59,,,,2715
,59,,,1,1410
,59,,,2,1305
,59,,66,,1885
,59,,66,1,970
,59,,66,2,915
,59,,76,,460
,59,,76,1,210
,59,,76,2,250
,59,,86,,370
,59,,86,1,230
,59,,86,2,140
,59,26.1102,,,0
,59,26.1102,,1,0
,59,26.1102,,2,0
,59,26.1102,66,,0
,59,26.1102,66,1,0
,59,26.1102,66,2,0
,59,26.1102,76,,0
,59,26.1102,76,1,0
,59,26.1102,76,2,0
,59,26.1102,86,,0
,59,26.1102,86,1,0
,59,26.1102,86,2,0
,59,27.0501,,,2715
,59,27.0501,,1,1410
,59,27.0501,,2,1305
,59,27.0501,66,,1885
,59,27.0501,66,1,970
,59,27.0501,66,2,915
,59,27.0501,76,,460
,59,27.0501,76,1,210
,59,27.0501,76,2,250
,59,27.0501,86,,370
,59,27.0501,86,1,230
,59,27.0501,86,2,140
2005,,,,,585
2005,,,,1,300
2005,,,,2,285
2005,,,66,,380
2005,,,66,1,175
2005,,,66,2,205
2005,,,76,,145
2005,,,76,1,85
2005,,,76,2,60
2005,,,86,,60
2005,,,86,1,40
2005,,,86,2,20
2005,,26.1102,,,0
2005,,26.1102,,1,0
2005,,26.1102,,2,0
2005,,26.1102,66,,0
2005,,26.1102,66,1,0
2005,,26.1102,66,2,0
2005,,26.1102,76,,0
2005,,26.1102,76,1,0
2005,,26.1102,76,2,0
2005,,26.1102,86,,0
2005,,26.1102,86,1,0
2005,,26.1102,86,2,0
2005,,27.0501,,,585
2005,,27.0501,,1,300
2005,,27.0501,,2,285
2005,,27.0501,66,,380
2005,,27.0501,66,1,175
2005,,27.0501,66,2,205
2005,,27.0501,76,,145
2005,,27.0501,76,1,85
2005,,27.0501,76,2,60
2005,,27.0501,86,,60
2005,,27.0501,86,1,40
2005,,27.0501,86,2,20
2005,10,,,,30
2005,10,,,1,20
2005,10,,,2,10
2005,10,,66,,10
2005,10,,66,1,5
2005,10,,66,2,5
2005,10,,76,,15
2005,10,,76,1,10
2005,10,,76,2,5
2005,10,,86,,5
2005,10,,86,1,5
2005,10,,86,2,0
2005,10,26.1102,,,0
2005,10,26.1102,,1,0
2005,10,26.1102,,2,0
2005,10,26.1102,66,,0
2005,10,26.1102,66,1,0
2005,10,26.1102,66,2,0
2005,10,26.1102,76,,0
2005,10,26.1102,76,1,0
2005,10,26.1102,76,2,0
2005,10,26.1102,86,,0
2005,10,26.1102,86,1,0
2005,10,26.1102,86,2,0
2005,10,27.0501,,,30
2005,10,27.0501,,1,20
2005,10,27.0501,,2,10
2005,10,27.0501,66,,10
2005,10,27.0501,66,1,5
2005,10,27.0501,66,2,5
2005,10,27.0501,76,,15
2005,10,27.0501,76,1,10
2005,10,27.0501,76,2,5
2005,10,27.0501,86,,5
2005,10,27.0501,86,1,5
2005,10,27.0501,86,2,0
2005,12,,,,35
2005,12,,,1,15
2005,12,,,2,20
2005,12,,66,,15
2005,12,,66,1,10
2005,12,,66,2,5
2005,12,,76,,15
2005,12,,76,1,5
2005,12,,76,2,10
2005,12,,86,,5
2005,12,,86,1,0
2005,12,,86,2,5
2005,12,26.1102,,,0
2005,12,26.1102,,1,0
2005,12,26.1102,,2,0
2005,12,26.1102,66,,0
2005,12,26.1102,66,1,0
2005,12,26.1102,66,2,0
2005,12,26.1102,76,,0
2005,12,26.1102,76,1,0
2005,12,26.1102,76,2,0
2005,12,26.1102,86,,0
2005,12,26.1102,86,1,0
2005,12,26.1102,86,2,0
2005,12,27.0501,,,35
2005,12,27.0501,,1,15
2005,12,27.0501,,2,20
2005,12,27.0501,66,,15
2005,12,27.0501,66,1,10
2005,12,27.0501,66,2,5
2005,12,27.0501,76,,15
2005,12,27.0501,76,1,5
2005,12,27.0501,76,2,10
2005,12,27.0501,86,,5
2005,12,27.0501,86,1,0
2005,12,27.0501,86,2,5
2005,13,,,,0
2005,13,,,1,0
2005,13,,,2,0
2005,13,,66,,0
2005,13,,66,1,0
2005,13,,66,2,0
2005,13,,76,,0
2005,13,,76,1,0
2005,13,,76,2,0
2005,13,,86,,0
2005,13,,86,1,0
2005,13,,86,2,0
2005,13,26.1102,,,0
2005,13,26.1102,,1,0
2005,13,26.1102,,2,0
2005,13,26.1102,66,,0
2005,13,26.1102,66,1,0
2005,13,26.1102,66,2,0
2005,13,26.1102,76,,0
2005,13,26.1102,76,1,0
2005,13,26.1102,76,2,0
2005,13,26.1102,86,,0
2005,13,26.1102,86,1,0
2005,13,26.1102,86,2,0
2005,13,27.0501,,,0
2005,13,27.0501,,1,0
2005,13,27.0501,,2,0
2005,13,27.0501,66,,0
2005,13,27.0501,66,1,0
2005,13,27.0501,66,2,0
2005,13,27.0501,76,,0
2005,13,27.0501,76,1,0
2005,13,27.0501,76,2,0
2005,13,27.0501,86,,0
2005,13,27.0501,86,1,0
2005,13,27.0501,86,2,0
2005,24,,,,220
2005,24,,,1,120
2005,24,,,2,100
2005,24,,66,,155
2005,24,,66,1,75
2005,24,,66,2,80
2005,24,,76,,60
2005,24,,76,1,40
2005,24,,76,2,20
2005,24,,86,,5
2005,24,,86,1,5
2005,24,,86,2,0
2005,24,26.1102,,,0
2005,24,26.1102,,1,0
2005,24,26.1102,,2,0
2005,24,26.1102,66,,0
2005,24,26.1102,66,1,0
2005,24,26.1102,66,2,0
2005,24,26.1102,76,,0
2005,24,26.1102,76,1,0
2005,24,26.1102,76,2,0
2005,24,26.1102,86,,0
2005,24,26.1102,86,1,0
2005,24,26.1102,86,2,0
2005,24,27.0501,,,220
2005,24,27.0501,,1,120
2005,24,27.0501,,2,100
2005,24,27.0501,66,,155
2005,24,27.0501,66,1,75
2005,24,27.0501,66,2,80
2005,24,27.0501,76,,60
2005,24,27.0501,76,1,40
2005,24,27.0501,76,2,20
2005,24,27.0501,86,,5
2005,24,27.0501,86,1,5
2005,24,27.0501,86,2,0
2005,35,,,,20
2005,35,,,1,15
2005,35,,,2,5
2005,35,,66,,0
2005,35,,66,1,0
2005,35,,66,2,0
2005,35,,76,,15
2005,35,,76,1,10
2005,35,,76,2,5
2005,35,,86,,5
2005,35,,86,1,5
2005,35,,86,2,0
2005,35,26.1102,,,0
2005,35,26.1102,,1,0
2005,35,26.1102,,2,0
2005,35,26.1102,66,,0
2005,35,26.1102,66,1,0
2005,35,26.1102,66,2,0
2005,35,26.1102,76,,0
2005,35,26.1102,76,1,0
2005,35,26.1102,76,2,0
2005,35,26.1102,86,,0
2005,35,26.1102,86,1,0
2005,35,26.1102,86,2,0
2005,35,27.0501,,,20
2005,35,27.0501,,1,15
2005,35,27.0501,,2,5
2005,35,27.0501,66,,0
2005,35,27.0501,66,1,0
2005,35,27.0501,66,2,0
2005,35,27.0501,76,,15
2005,35,27.0501,76,1,10
2005,35,27.0501,76,2,5
2005,35,27.0501,86,,5
2005,35,27.0501,86,1,5
2005,35,27.0501,86,2,0
2005,46,,,,50
2005,46,,,1,25
2005,46,,,2,25
2005,46,,66,,30
2005,46,,66,1,15
2005,46,,66,2,15
2005,46,,76,,10
2005,46,,76,1,5
2005,46,,76,2,5
2005,46,,86,,10
2005,46,,86,1,5
2005,46,,86,2,5
2005,46,26.1102,,,0
2005,46,26.1102,,1,0
2005,46,26.1102,,2,0
2005,46,26.1102,66,,0
2005,46,26.1102,66,1,0
2005,46,26.1102,66,2,0
2005,46,26.1102,76,,0
2005,46,26.1102,76,1,0
2005,46,26.1102,76,2,0
2005,46,26.1102,86,,0
2005,46,26.1102,86,1,0
2005,46,26.1102,86,2,0
2005,46,27.0501,,,50
2005,46,27.0501,,1,25
2005,46,27.0501,,2,25
2005,46,27.0501,66,,30
2005,46,27.0501,66,1,15
2005,46,27.0501,66,2,15
2005,46,27.0501,76,,10
2005,46,27.0501,76,1,5
2005,46,27.0501,76,2,5
2005,46,27.0501,86,,10
2005,46,27.0501,86,1,5
2005,46,27.0501,86,2,5
2005,47,,,,0
2005,47,,,1,0
2005,47,,,2,0
2005,47,,66,,0
2005,47,,66,1,0
2005,47,,66,2,0
2005,47,,76,,0
2005,47,,76,1,0
2005,47,,76,2,0
2005,47,,86,,0
2005,47,,86,1,0
2005,47,,86,2,0
2005,47,26.1102,,,0
2005,47,26.1102,,1,0
2005,47,26.1102,,2,0
2005,47,26.1102,66,,0
2005,47,26.1102,66,1,0
2005,47,26.1102,66,2,0
2005,47,26.1102,76,,0
2005,47,26.1102,76,1,0
2005,47,26.1102,76,2,0
2005,47,26.1102,86,,0
2005,47,26.1102,86,1,0
2005,47,26.1102,86,2,0
2005,47,27.0501,,,0
2005,47,27.0501,,1,0
2005,47,27.0501,,2,0
2005,47,27.0501,66,,0
2005,47,27.0501,66,1,0
2005,47,27.0501,66,2,0
2005,47,27.0501,76,,0
2005,47,27.0501,76,1,0
2005,47,27.0501,76,2,0
2005,47,27.0501,86,,0
2005,47,27.0501,86,1,0
2005,47,27.0501,86,2,0
2005,48,,,,35
2005,48,,,1,15
2005,48,,,2,20
2005,48,,66,,35
2005,48,,66,1,15
2005,48,,66,2,20
2005,48,,76,,0
2005,48,,76,1,0
2005,48,,76,2,0
2005,48,,86,,0
2005,48,,86,1,0
2005,48,,86,2,0
2005,48,26.1102,,,0
2005,48,26.1102,,1,0
2005,48,26.1102,,2,0
2005,48,26.1102,66,,0
2005,48,26.1102,66,1,0
2005,48,26.1102,66,2,0
2005,48,26.1102,76,,0
2005,48,26.1102,76,1,0
2005,48,26.1102,76,2,0
2005,48,26.1102,86,,0
2005,48,26.1102,86,1,0
2005,48,26.1102,86,2,0
2005,48,27.0501,,,35
2005,48,27.0501,,1,15
2005,48,27.0501,,2,20
2005,48,27.0501,66,,35
2005,48,27.0501,66,1,15
2005,48,27.0501,66,2,20
2005,48,27.0501,76,,0
2005,48,27.0501,76,1,0
2005,48,27.0501,76,2,0
2005,48,27.0501,86,,0
2005,48,27.0501,86,1,0
2005,48,27.0501,86,2,0
2005,59,,,,195
2005,59,,,1,90
2005,59,,,2,105
2005,59,,66,,135
2005,59,,66,1,55
2005,59,,66,2,80
2005,59,,76,,30
2005,59,,76,1,15
2005,59,,76,2,15
2005,59,,86,,30
2005,59,,86,1,20
2005,59,,86,2,10
2005,59,26.1102,,,0
2005,59,26.1102,,1,0
2005,59,26.1102,,2,0
2005,59,26.1102,66,,0
2005,59,26.1102,66,1,0
2005,59,26.1102,66,2,0
2005,59,26.1102,76,,0
2005,59,26.1102,76,1,0
2005,59,26.1102,76,2,0
2005,59,26.1102,86,,0
2005,59,26.1102,86,1,0
2005,59,26.1102,86,2,0
2005,59,27.0501,,,195
2005,59,27.0501,,1,90
2005,59,27.0501,,2,105
2005,59,27.0501,66,,135
2005,59,27.0501,66,1,55
2005,59,27.0501,66,2,80
2005,59,27.0501,76,,30
2005,59,27.0501,76,1,15
2005,59,27.0501,76,2,15
2005,59,27.0501,86,,30
2005,59,27.0501,86,1,20
2005,59,27.0501,86,2,10
2006,,,,,610
2006,,,,1,315
2006,,,,2,295
2006,,,66,,405
2006,,,66,1,195
2006,,,66,2,210
2006,,,76,,135
2006,,,76,1,70
2006,,,76,2,65
2006,,,86,,70
2006,,,86,1,50
2006,,,86,2,20
2006,,26.1102,,,0
2006,,26.1102,,1,0
2006,,26.1102,,2,0
2006,,26.1102,66,,0
2006,,26.1102,66,1,0
2006,,26.1102,66,2,0
2006,,26.1102,76,,0
2006,,26.1102,76,1,0
2006,,26.1102,76,2,0
2006,,26.1102,86,,0
2006,,26.1102,86,1,0
2006,,26.1102,86,2,0
2006,,27.0501,,,610
2006,,27.0501,,1,315
2006,,27.0501,,2,295
2006,,27.0501,66,,405
2006,,27.0501,66,1,195
2006,,27.0501,66,2,210
2006,,27.0501,76,,135
2006,,27.0501,76,1,70
2006,,27.0501,76,2,65
2006,,27.0501,86,,70
2006,,27.0501,86,1,50
2006,,27.0501,86,2,20
2006,10,,,,30
2006,10,,,1,20
2006,10,,,2,10
2006,10,,66,,10
2006,10,,66,1,10
2006,10,,66,2,0
2006,10,,76,,15
2006,10,,76,1,10
2006,10,,76,2,5
2006,10,,86,,5
2006,10,,86,1,0
2006,10,,86,2,5
2006,10,26.1102,,,0
2006,10,26.1102,,1,0
2006,10,26.1102,,2,0
2006,10,26.1102,66,,0
2006,10,26.1102,66,1,0
2006,10,26.1102,66,2,0
2006,10,26.1102,76,,0
2006,10,26.1102,76,1,0
2006,10,26.1102,76,2,0
2006,10,26.1102,86,,0
2006,10,26.1102,86,1,0
2006,10,26.1102,86,2,0
2006,10,27.0501,,,30
2006,10,27.0501,,1,20
2006,10,27.0501,,2,10
2006,10,27.0501,66,,10
2006,10,27.0501,66,1,10
2006,10,27.0501,66,2,0
2006,10,27.0501,76,,15
2006,10,27.0501,76,1,10
2006,10,27.0501,76,2,5
2006,10,27.0501,86,,5
2006,10,27.0501,86,1,0
2006,10,27.0501,86,2,5
2006,12,,,,20
2006,12,,,1,10
2006,12,,,2,10
2006,12,,66,,10
2006,12,,66,1,5
2006,12,,66,2,5
2006,12,,76,,5
2006,12,,76,1,0
2006,12,,76,2,5
2006,12,,86,,5
2006,12,,86,1,5
2006,12,,86,2,0
2006,12,26.1102,,,0
2006,12,26.1102,,1,0
2006,12,26.1102,,2,0
2006,12,26.1102,66,,0
2006,12,26.1102,66,1,0
2006,12,26.1102,66,2,0
2006,12,26.1102,76,,0
2006,12,26.1102,76,1,0
2006,12,26.1102,76,2,0
2006,12,26.1102,86,,0
2006,12,26.1102,86,1,0
2006,12,26.1102,86,2,0
2006,12,27.0501,,,20
2006,12,27.0501,,1,10
2006,12,27.0501,,2,10
2006,12,27.0501,66,,10
2006,12,27.0501,66,1,5
2006,12,27.0501,66,2,5
2006,12,27.0501,76,,5
2006,12,27.0501,76,1,0
2006,12,27.0501,76,2,5
2006,12,27.0501,86,,5
2006,12,27.0501,86,1,5
2006,12,27.0501,86,2,0
2006,13,,,,10
2006,13,,,1,5
2006,13,,,2,5
2006,13,,66,,0
2006,13,,66,1,0
2006,13,,66,2,0
2006,13,,76,,5
2006,13,,76,1,0
2006,13,,76,2,5
2006,13,,86,,5
2006,13,,86,1,5
2006,13,,86,2,0
2006,13,26.1102,,,0
2006,13,26.1102,,1,0
2006,13,26.1102,,2,0
2006,13,26.1102,66,,0
2006,13,26.1102,66,1,0
2006,13,26.1102,66,2,0
2006,13,26.1102,76,,0
2006,13,26.1102,76,1,0
2006,13,26.1102,76,2,0
2006,13,26.1102,86,,0
2006,13,26.1102,86,1,0
2006,13,26.1102,86,2,0
2006,13,27.0501,,,10
2006,13,27.0501,,1,5
2006,13,27.0501,,2,5
2006,13,27.0501,66,,0
2006,13,27.0501,66,1,0
2006,13,27.0501,66,2,0
2006,13,27.0501,76,,5
2006,13,27.0501,76,1,0
2006,13,27.0501,76,2,5
2006,13,27.0501,86,,5
2006,13,27.0501,86,1,5
2006,13,27.0501,86,2,0
2006,24,,,,210
2006,24,,,1,110
2006,24,,,2,100
2006,24,,66,,145
2006,24,,66,1,70
2006,24,,66,2,75
2006,24,,76,,60
2006,24,,76,1,35
2006,24,,76,2,25
2006,24,,86,,5
2006,24,,86,1,5
2006,24,,86,2,0
2006,24,26.1102,,,0
2006,24,26.1102,,1,0
2006,24,26.1102,,2,0
2006,24,26.1102,66,,0
2006,24,26.1102,66,1,0
2006,24,26.1102,66,2,0
2006,24,26.1102,76,,0
2006,24,26.1102,76,1,0
2006,24,26.1102,76,2,0
2006,24,26.1102,86,,0
2006,24,26.1102,86,1,0
2006,24,26.1102,86,2,0
2006,24,27.0501,,,210
2006,24,27.0501,,1,110
2006,24,27.0501,,2,100
2006,24,27.0501,66,,145
2006,24,27.0501,66,1,70
2006,24,27.0501,66,2,75
2006,24,27.0501,76,,60
2006,24,27.0501,76,1,35
2006,24,27.0501,76,2,25
2006,24,27.0501,86,,5
2006,24,27.0501,86,1,5
2006,24,27.0501,86,2,0
2006,35,,,,15
2006,35,,,1,15
2006,35,,,2,0
2006,35,,66,,0
2006,35,,66,1,0
2006,35,,66,2,0
2006,35,,76,,10
2006,35,,76,1,10
2006,35,,76,2,0
2006,35,,86,,5
2006,35,,86,1,5
2006,35,,86,2,0
2006,35,26.1102,,,0
2006,35,26.1102,,1,0
2006,35,26.1102,,2,0
2006,35,26.1102,66,,0
2006,35,26.1102,66,1,0
2006,35,26.1102,66,2,0
2006,35,26.1102,76,,0
2006,35,26.1102,76,1,0
2006,35,26.1102,76,2,0
2006,35,26.1102,86,,0
2006,35,26.1102,86,1,0
2006,35,26.1102,86,2,0
2006,35,27.0501,,,15
2006,35,27.0501,,1,15
2006,35,27.0501,,2,0
2006,35,27.0501,66,,0
2006,35,27.0501,66,1,0
2006,35,27.0501,66,2,0
2006,35,27.0501,76,,10
2006,35,27.0501,76,1,10
2006,35,27.0501,76,2,0
2006,35,27.0501,86,,5
2006,35,27.0501,86,1,5
2006,35,27.0501,86,2,0
2006,46,,,,55
2006,46,,,1,25
2006,46,,,2,30
2006,46,,66,,35
2006,46,,66,1,15
2006,46,,66,2,20
2006,46,,76,,10
2006,46,,76,1,5
2006,46,,76,2,5
2006,46,,86,,10
2006,46,,86,1,5
2006,46,,86,2,5
2006,46,26.1102,,,0
2006,46,26.1102,,1,0
2006,46,26.1102,,2,0
2006,46,26.1102,66,,0
2006,46,26.1102,66,1,0
2006,46,26.1102,66,2,0
2006,46,26.1102,76,,0
2006,46,26.1102,76,1,0
2006,46,26.1102,76,2,0
2006,46,26.1102,86,,0
2006,46,26.1102,86,1,0
2006,46,26.1102,86,2,0
2006,46,27.0501,,,55
2006,46,27.0501,,1,25
2006,46,27.0501,,2,30
2006,46,27.0501,66,,35
2006,46,27.0501,66,1,15
2006,46,27.0501,66,2,20
2006,46,27.0501,76,,10
2006,46,27.0501,76,1,5
2006,46,27.0501,76,2,5
2006,46,27.0501,86,,10
2006,46,27.0501,86,1,5
2006,46,27.0501,86,2,5
2006,47,,,,0
2006,47,,,1,0
2006,47,,,2,0
2006,47,,66,,0
2006,47,,66,1,0
2006,47,,66,2,0
2006,47,,76,,0
2006,47,,76,1,0
2006,47,,76,2,0
2006,47,,86,,0
2006,47,,86,1,0
2006,47,,86,2,0
2006,47,26.1102,,,0
2006,47,26.1102,,1,0
2006,47,26.1102,,2,0
2006,47,26.1102,66,,0
2006,47,26.1102,66,1,0
2006,47,26.1102,66,2,0
2006,47,26.1102,76,,0
2006,47,26.1102,76,1,0
2006,47,26.1102,76,2,0
2006,47,26.1102,86,,0
2006,47,26.1102,86,1,0
2006,47,26.1102,86,2,0
2006,47,27.0501,,,0
2006,47,27.0501,,1,0
2006,47,27.0501,,2,0
2006,47,27.0501,66,,0
2006,47,27.0501,66,1,0
2006,47,27.0501,66,2,0
2006,47,27.0501,76,,0
2006,47,27.0501,76,1,0
2006,47,27.0501,76,2,0
2006,47,27.0501,86,,0
2006,47,27.0501,86,1,0
2006,47,27.0501,86,2,0
2006,48,,,,55
2006,48,,,1,25
2006,48,,,2,30
2006,48,,66,,55
2006,48,,66,1,25
2006,48,,66,2,30
2006,48,,76,,0
2006,48,,76,1,0
2006,48,,76,2,0
2006,48,,86,,0
2006,48,,86,1,0
2006,48,,86,2,0
2006,48,26.1102,,,0
2006,48,26.1102,,1,0
2006,48,26.1102,,2,0
2006,48,26.1102,66,,0
2006,48,26.1102,66,1,0
2006,48,26.1102,66,2,0
2006,48,26.1102,76,,0
2006,48,26.1102,76,1,0
2006,48,26.1102,76,2,0
2006,48,26.1102,86,,0
2006,48,26.1102,86,1,0
2006,48,26.1102,86,2,0
2006,48,27.0501,,,55
2006,48,27.0501,,1,25
2006,48,27.0501,,2,30
2006,48,27.0501,66,,55
2006,48,27.0501,66,1,25
2006,48,27.0501,66,2,30
2006,48,27.0501,76,,0
2006,48,27.0501,76,1,0
2006,48,27.0501,76,2,0
2006,48,27.0501,86,,0
2006,48,27.0501,86,1,0
2006,48,27.0501,86,2,0
2006,59,,,,215
2006,59,,,1,105
2006,59,,,2,110
2006,59,,66,,150
2006,59,,66,1,70
2006,59,,66,2,80
2006,59,,76,,30
2006,59,,76,1,10
2006,59,,76,2,20
2006,59,,86,,35
2006,59,,86,1,25
2006,59,,86,2,10
2006,59,26.1102,,,0
2006,59,26.1102,,1,0
2006,59,26.1102,,2,0
2006,59,26.1102,66,,0
2006,59,26.1102,66,1,0
2006,59,26.1102,66,2,0
2006,59,26.1102,76,,0
2006,59,26.1102,76,1,0
2006,59,26.1102,76,2,0
2006,59,26.1102,86,,0
2006,59,26.1102,86,1,0
2006,59,26.1102,86,2,0
2006,59,27.0501,,,215
2006,59,27.0501,,1,105
2006,59,27.0501,,2,110
2006,59,27.0501,66,,150
2006,59,27.0501,66,1,70
2006,59,27.0501,66,2,80
2006,59,27.0501,76,,30
2006,59,27.0501,76,1,10
2006,59,27.0501,76,2,20
2006,59,27.0501,86,,35
2006,59,27.0501,86,1,25
2006,59,27.0501,86,2,10
2007,,,,,595
2007,,,,1,320
2007,,,,2,275
2007,,,66,,385
2007,,,66,1,200
2007,,,66,2,185
2007,,,76,,140
2007,,,76,1,70
2007,,,76,2,70
2007,,,86,,70
2007,,,86,1,50
2007,,,86,2,20
2007,,26.1102,,,10
2007,,26.1102,,1,5
2007,,26.1102,,2,5
2007,,26.1102,66,,0
2007,,26.1102,66,1,0
2007,,26.1102,66,2,0
2007,,26.1102,76,,10
2007,,26.1102,76,1,5
2007,,26.1102,76,2,5
2007,,26.1102,86,,0
2007,,26.1102,86,1,0
2007,,26.1102,86,2,0
2007,,27.0501,,,585
2007,,27.0501,,1,315
2007,,27.0501,,2,270
2007,,27.0501,66,,385
2007,,27.0501,66,1,200
2007,,27.0501,66,2,185
2007,,27.0501,76,,130
2007,,27.0501,76,1,65
2007,,27.0501,76,2,65
2007,,27.0501,86,,70
2007,,27.0501,86,1,50
2007,,27.0501,86,2,20
2007,10,,,,25
2007,10,,,1,15
2007,10,,,2,10
2007,10,,66,,5
2007,10,,66,1,0
2007,10,,66,2,5
2007,10,,76,,15
2007,10,,76,1,10
2007,10,,76,2,5
2007,10,,86,,5
2007,10,,86,1,5
2007,10,,86,2,0
2007,10,26.1102,,,0
2007,10,26.1102,,1,0
2007,10,26.1102,,2,0
2007,10,26.1102,66,,0
2007,10,26.1102,66,1,0
2007,10,26.1102,66,2,0
2007,10,26.1102,76,,0
2007,10,26.1102,76,1,0
2007,10,26.1102,76,2,0
2007,10,26.1102,86,,0
2007,10,26.1102,86,1,0
2007,10,26.1102,86,2,0
2007,10,27.0501,,,25
2007,10,27.0501,,1,15
2007,10,27.0501,,2,10
2007,10,27.0501,66,,5
2007,10,27.0501,66,1,0
2007,10,27.0501,66,2,5
2007,10,27.0501,76,,15
2007,10,27.0501,76,1,10
2007,10,27.0501,76,2,5
2007,10,27.0501,86,,5
2007,10,27.0501,86,1,5
2007,10,27.0501,86,2,0
2007,12,,,,25
2007,12,,,1,10
2007,12,,,2,15
2007,12,,66,,10
2007,12,,66,1,5
2007,12,,66,2,5
2007,12,,76,,10
2007,12,,76,1,5
2007,12,,76,2,5
2007,12,,86,,5
2007,12,,86,1,0
2007,12,,86,2,5
2007,12,26.1102,,,0
2007,12,26.1102,,1,0
2007,12,26.1102,,2,0
2007,12,26.1102,66,,0
2007,12,26.1102,66,1,0
2007,12,26.1102,66,2,0
2007,12,26.1102,76,,0
2007,12,26.1102,76,1,0
2007,12,26.1102,76,2,0
2007,12,26.1102,86,,0
2007,12,26.1102,86,1,0
2007,12,26.1102,86,2,0
2007,12,27.0501,,,25
2007,12,27.0501,,1,10
2007,12,27.0501,,2,15
2007,12,27.0501,66,,10
2007,12,27.0501,66,1,5
2007,12,27.0501,66,2,5
2007,12,27.0501,76,,10
2007,12,27.0501,76,1,5
2007,12,27.0501,76,2,5
2007,12,27.0501,86,,5
2007,12,27.0501,86,1,0
2007,12,27.0501,86,2,5
2007,13,,,,0
2007,13,,,1,0
2007,13,,,2,0
2007,13,,66,,0
2007,13,,66,1,0
2007,13,,66,2,0
2007,13,,76,,0
2007,13,,76,1,0
2007,13,,76,2,0
2007,13,,86,,0
2007,13,,86,1,0
2007,13,,86,2,0
2007,13,26.1102,,,0
2007,13,26.1102,,1,0
2007,13,26.1102,,2,0
2007,13,26.1102,66,,0
2007,13,26.1102,66,1,0
2007,13,26.1102,66,2,0
2007,13,26.1102,76,,0
2007,13,26.1102,76,1,0
2007,13,26.1102,76,2,0
2007,13,26.1102,86,,0
2007,13,26.1102,86,1,0
2007,13,26.1102,86,2,0
2007,13,27.0501,,,0
2007,13,27.0501,,1,0
2007,13,27.0501,,2,0
2007,13,27.0501,66,,0
2007,13,27.0501,66,1,0
2007,13,27.0501,66,2,0
2007,13,27.0501,76,,0
2007,13,27.0501,76,1,0
2007,13,27.0501,76,2,0
2007,13,27.0501,86,,0
2007,13,27.0501,86,1,0
2007,13,27.0501,86,2,0
2007,24,,,,185
2007,24,,,1,100
2007,24,,,2,85
2007,24,,66,,120
2007,24,,66,1,60
2007,24,,66,2,60
2007,24,,76,,55
2007,24,,76,1,30
2007,24,,76,2,25
2007,24,,86,,10
2007,24,,86,1,10
2007,24,,86,2,0
2007,24,26.1102,,,10
2007,24,26.1102,,1,5
2007,24,26.1102,,2,5
2007,24,26.1102,66,,0
2007,24,26.1102,66,1,0
2007,24,26.1102,66,2,0
2007,24,26.1102,76,,10
2007,24,26.1102,76,1,5
2007,24,26.1102,76,2,5
2007,24,26.1102,86,,0
2007,24,26.1102,86,1,0
2007,24,26.1102,86,2,0
2007,24,27.0501,,,175
2007,24,27.0501,,1,95
2007,24,27.0501,,2,80
2007,24,27.0501,66,,120
2007,24,27.0501,66,1,60
2007,24,27.0501,66,2,60
2007,24,27.0501,76,,45
2007,24,27.0501,76,1,25
2007,24,27.0501,76,2,20
2007,24,27.0501,86,,10
2007,24,27.0501,86,1,10
2007,24,27.0501,86,2,0
2007,35,,,,20
2007,35,,,1,15
2007,35,,,2,5
2007,35,,66,,0
2007,35,,66,1,0
2007,35,,66,2,0
2007,35,,76,,15
2007,35,,76,1,10
2007,35,,76,2,5
2007,35,,86,,5
2007,35,,86,1,5
2007,35,,86,2,0
2007,35,26.1102,,,0
2007,35,26.1102,,1,0
2007,35,26.1102,,2,0
2007,35,26.1102,66,,0
2007,35,26.1102,66,1,0
2007,35,26.1102,66,2,0
2007,35,26.1102,76,,0
2007,35,26.1102,76,1,0
2007,35,26.1102,76,2,0
2007,35,26.1102,86,,0
2007,35,26.1102,86,1,0
2007,35,26.1102,86,2,0
2007,35,27.0501,,,20
2007,35,27.0501,,1,15
2007,35,27.0501,,2,5
2007,35,27.0501,66,,0
2007,35,27.0501,66,1,0
2007,35,27.0501,66,2,0
2007,35,27.0501,76,,15
2007,35,27.0501,76,1,10
2007,35,27.0501,76,2,5
2007,35,27.0501,86,,5
2007,35,27.0501,86,1,5
2007,35,27.0501,86,2,0
2007,46,,,,55
2007,46,,,1,30
2007,46,,,2,25
2007,46,,66,,30
2007,46,,66,1,20
2007,46,,66,2,10
2007,46,,76,,15
2007,46,,76,1,5
2007,46,,76,2,10
2007,46,,86,,10
2007,46,,86,1,5
2007,46,,86,2,5
2007,46,26.1102,,,0
2007,46,26.1102,,1,0
2007,46,26.1102,,2,0
2007,46,26.1102,66,,0
2007,46,26.1102,66,1,0
2007,46,26.1102,66,2,0
2007,46,26.1102,76,,0
2007,46,26.1102,76,1,0
2007,46,26.1102,76,2,0
2007,46,26.1102,86,,0
2007,46,26.1102,86,1,0
2007,46,26.1102,86,2,0
2007,46,27.0501,,,55
2007,46,27.0501,,1,30
2007,46,27.0501,,2,25
2007,46,27.0501,66,,30
2007,46,27.0501,66,1,20
2007,46,27.0501,66,2,10
2007,46,27.0501,76,,15
2007,46,27.0501,76,1,5
2007,46,27.0501,76,2,10
2007,46,27.0501,86,,10
2007,46,27.0501,86,1,5
2007,46,27.0501,86,2,5
2007,47,,,,0
2007,47,,,1,0
2007,47,,,2,0
2007,47,,66,,0
2007,47,,66,1,0
2007,47,,66,2,0
2007,47,,76,,0
2007,47,,76,1,0
2007,47,,76,2,0
2007,47,,86,,0
2007,47,,86,1,0
2007,47,,86,2,0
2007,47,26.1102,,,0
2007,47,26.1102,,1,0
2007,47,26.1102,,2,0
2007,47,26.1102,66,,0
2007,47,26.1102,66,1,0
2007,47,26.1102,66,2,0
2007,47,26.1102,76,,0
2007,47,26.1102,76,1,0
2007,47,26.1102,76,2,0
2007,47,26.1102,86,,0
2007,47,26.1102,86,1,0
2007,47,26.1102,86,2,0
2007,47,27.0501,,,0
2007,47,27.0501,,1,0
2007,47,27.0501,,2,0
2007,47,27.0501,66,,0
2007,47,27.0501,66,1,0
2007,47,27.0501,66,2,0
2007,47,27.0501,76,,0
2007,47,27.0501,76,1,0
2007,47,27.0501,76,2,0
2007,47,27.0501,86,,0
2007,47,27.0501,86,1,0
2007,47,27.0501,86,2,0
2007,48,,,,75
2007,48,,,1,35
2007,48,,,2,40
2007,48,,66,,75
2007,48,,66,1,35
2007,48,,66,2,40
2007,48,,76,,0
2007,48,,76,1,0
2007,48,,76,2,0
2007,48,,86,,0
2007,48,,86,1,0
2007,48,,86,2,0
2007,48,26.1102,,,0
2007,48,26.1102,,1,0
2007,48,26.1102,,2,0
2007,48,26.1102,66,,0
2007,48,26.1102,66,1,0
2007,48,26.1102,66,2,0
2007,48,26.1102,76,,0
2007,48,26.1102,76,1,0
2007,48,26.1102,76,2,0
2007,48,26.1102,86,,0
2007,48,26.1102,86,1,0
2007,48,26.1102,86,2,0
2007,48,27.0501,,,75
2007,48,27.0501,,1,35
2007,48,27.0501,,2,40
2007,48,27.0501,66,,75
2007,48,27.0501,66,1,35
2007,48,27.0501,66,2,40
2007,48,27.0501,76,,0
2007,48,27.0501,76,1,0
2007,48,27.0501,76,2,0
2007,48,27.0501,86,,0
2007,48,27.0501,86,1,0
2007,48,27.0501,86,2,0
2007,59,,,,210
2007,59,,,1,115
2007,59,,,2,95
2007,59,,66,,145
2007,59,,66,1,80
2007,59,,66,2,65
2007,59,,76,,30
2007,59,,76,1,10
2007,59,,76,2,20
2007,59,,86,,35
2007,59,,86,1,25
2007,59,,86,2,10
2007,59,26.1102,,,0
2007,59,26.1102,,1,0
2007,59,26.1102,,2,0
2007,59,26.1102,66,,0
2007,59,26.1102,66,1,0
2007,59,26.1102,66,2,0
2007,59,26.1102,76,,0
2007,59,26.1102,76,1,0
2007,59,26.1102,76,2,0
2007,59,26.1102,86,,0
2007,59,26.1102,86,1,0
2007,59,26.1102,86,2,0
2007,59,27.0501,,,210
2007,59,27.0501,,1,115
2007,59,27.0501,,2,95
2007,59,27.0501,66,,145
2007,59,27.0501,66,1,80
2007,59,27.0501,66,2,65
2007,59,27.0501,76,,30
2007,59,27.0501,76,1,10
2007,59,27.0501,76,2,20
2007,59,27.0501,86,,35
2007,59,27.0501,86,1,25
2007,59,27.0501,86,2,10
2008,,,,,625
2008,,,,1,345
2008,,,,2,280
2008,,,66,,385
2008,,,66,1,215
2008,,,66,2,170
2008,,,76,,160
2008,,,76,1,80
2008,,,76,2,80
2008,,,86,,80
2008,,,86,1,50
2008,,,86,2,30
2008,,26.1102,,,15
2008,,26.1102,,1,5
2008,,26.1102,,2,10
2008,,26.1102,66,,0
2008,,26.1102,66,1,0
2008,,26.1102,66,2,0
2008,,26.1102,76,,10
2008,,26.1102,76,1,5
2008,,26.1102,76,2,5
2008,,26.1102,86,,5
2008,,26.1102,86,1,0
2008,,26.1102,86,2,5
2008,,27.0501,,,610
2008,,27.0501,,1,340
2008,,27.0501,,2,270
2008,,27.0501,66,,385
2008,,27.0501,66,1,215
2008,,27.0501,66,2,170
2008,,27.0501,76,,150
2008,,27.0501,76,1,75
2008,,27.0501,76,2,75
2008,,27.0501,86,,75
2008,,27.0501,86,1,50
2008,,27.0501,86,2,25
2008,10,,,,20
2008,10,,,1,10
2008,10,,,2,10
2008,10,,66,,5
2008,10,,66,1,0
2008,10,,66,2,5
2008,10,,76,,10
2008,10,,76,1,5
2008,10,,76,2,5
2008,10,,86,,5
2008,10,,86,1,5
2008,10,,86,2,0
2008,10,26.1102,,,0
2008,10,26.1102,,1,0
2008,10,26.1102,,2,0
2008,10,26.1102,66,,0
2008,10,26.1102,66,1,0
2008,10,26.1102,66,2,0
2008,10,26.1102,76,,0
2008,10,26.1102,76,1,0
2008,10,26.1102,76,2,0
2008,10,26.1102,86,,0
2008,10,26.1102,86,1,0
2008,10,26.1102,86,2,0
2008,10,27.0501,,,20
2008,10,27.0501,,1,10
2008,10,27.0501,,2,10
2008,10,27.0501,66,,5
2008,10,27.0501,66,1,0
2008,10,27.0501,66,2,5
2008,10,27.0501,76,,10
2008,10,27.0501,76,1,5
2008,10,27.0501,76,2,5
2008,10,27.0501,86,,5
2008,10,27.0501,86,1,5
2008,10,27.0501,86,2,0
2008,12,,,,25
2008,12,,,1,10
2008,12,,,2,15
2008,12,,66,,15
2008,12,,66,1,10
2008,12,,66,2,5
2008,12,,76,,5
2008,12,,76,1,0
2008,12,,76,2,5
2008,12,,86,,5
2008,12,,86,1,0
2008,12,,86,2,5
2008,12,26.1102,,,0
2008,12,26.1102,,1,0
2008,12,26.1102,,2,0
2008,12,26.1102,66,,0
2008,12,26.1102,66,1,0
2008,12,26.1102,66,2,0
2008,12,26.1102,76,,0
2008,12,26.1102,76,1,0
2008,12,26.1102,76,2,0
2008,12,26.1102,86,,0
2008,12,26.1102,86,1,0
2008,12,26.1102,86,2,0
2008,12,27.0501,,,25
2008,12,27.0501,,1,10
2008,12,27.0501,,2,15
2008,12,27.0501,66,,15
2008,12,27.0501,66,1,10
2008,12,27.0501,66,2,5
2008,12,27.0501,76,,5
2008,12,27.0501,76,1,0
2008,12,27.0501,76,2,5
2008,12,27.0501,86,,5
2008,12,27.0501,86,1,0
2008,12,27.0501,86,2,5
2008,13,,,,5
2008,13,,,1,0
2008,13,,,2,5
2008,13,,66,,0
2008,13,,66,1,0
2008,13,,66,2,0
2008,13,,76,,5
2008,13,,76,1,0
2008,13,,76,2,5
2008,13,,86,,0
2008,13,,86,1,0
2008,13,,86,2,0
2008,13,26.1102,,,0
2008,13,26.1102,,1,0
2008,13,26.1102,,2,0
2008,13,26.1102,66,,0
2008,13,26.1102,66,1,0
2008,13,26.1102,66,2,0
2008,13,26.1102,76,,0
2008,13,26.1102,76,1,0
2008,13,26.1102,76,2,0
2008,13,26.1102,86,,0
2008,13,26.1102,86,1,0
2008,13,26.1102,86,2,0
2008,13,27.0501,,,5
2008,13,27.0501,,1,0
2008,13,27.0501,,2,5
2008,13,27.0501,66,,0
2008,13,27.0501,66,1,0
2008,13,27.0501,66,2,0
2008,13,27.0501,76,,5
2008,13,27.0501,76,1,0
2008,13,27.0501,76,2,5
2008,13,27.0501,86,,0
2008,13,27.0501,86,1,0
2008,13,27.0501,86,2,0
2008,24,,,,185
2008,24,,,1,110
2008,24,,,2,75
2008,24,,66,,105
2008,24,,66,1,60
2008,24,,66,2,45
2008,24,,76,,65
2008,24,,76,1,40
2008,24,,76,2,25
2008,24,,86,,15
2008,24,,86,1,10
2008,24,,86,2,5
2008,24,26.1102,,,15
2008,24,26.1102,,1,5
2008,24,26.1102,,2,10
2008,24,26.1102,66,,0
2008,24,26.1102,66,1,0
2008,24,26.1102,66,2,0
2008,24,26.1102,76,,10
2008,24,26.1102,76,1,5
2008,24,26.1102,76,2,5
2008,24,26.1102,86,,5
2008,24,26.1102,86,1,0
2008,24,26.1102,86,2,5
2008,24,27.0501,,,170
2008,24,27.0501,,1,105
2008,24,27.0501,,2,65
2008,24,27.0501,66,,105
2008,24,27.0501,66,1,60
2008,24,27.0501,66,2,45
2008,24,27.0501,76,,55
2008,24,27.0501,76,1,35
2008,24,27.0501,76,2,20
2008,24,27.0501,86,,10
2008,24,27.0501,86,1,10
2008,24,27.0501,86,2,0
2008,35,,,,25
2008,35,,,1,15
2008,35,,,2,10
2008,35,,66,,0
2008,35,,66,1,0
2008,35,,66,2,0
2008,35,,76,,15
2008,35,,76,1,10
2008,35,,76,2,5
2008,35,,86,,10
2008,35,,86,1,5
2008,35,,86,2,5
2008,35,26.1102,,,0
2008,35,26.1102,,1,0
2008,35,26.1102,,2,0
2008,35,26.1102,66,,0
2008,35,26.1102,66,1,0
2008,35,26.1102,66,2,0
2008,35,26.1102,76,,0
2008,35,26.1102,76,1,0
2008,35,26.1102,76,2,0
2008,35,26.1102,86,,0
2008,35,26.1102,86,1,0
2008,35,26.1102,86,2,0
2008,35,27.0501,,,25
2008,35,27.0501,,1,15
2008,35,27.0501,,2,10
2008,35,27.0501,66,,0
2008,35,27.0501,66,1,0
2008,35,27.0501,66,2,0
2008,35,27.0501,76,,15
2008,35,27.0501,76,1,10
2008,35,27.0501,76,2,5
2008,35,27.0501,86,,10
2008,35,27.0501,86,1,5
2008,35,27.0501,86,2,5
2008,46,,,,50
2008,46,,,1,30
2008,46,,,2,20
2008,46,,66,,25
2008,46,,66,1,15
2008,46,,66,2,10
2008,46,,76,,15
2008,46,,76,1,10
2008,46,,76,2,5
2008,46,,86,,10
2008,46,,86,1,5
2008,46,,86,2,5
2008,46,26.1102,,,0
2008,46,26.1102,,1,0
2008,46,26.1102,,2,0
2008,46,26.1102,66,,0
2008,46,26.1102,66,1,0
2008,46,26.1102,66,2,0
2008,46,26.1102,76,,0
2008,46,26.1102,76,1,0
2008,46,26.1102,76,2,0
2008,46,26.1102,86,,0
2008,46,26.1102,86,1,0
2008,46,26.1102,86,2,0
2008,46,27.0501,,,50
2008,46,27.0501,,1,30
2008,46,27.0501,,2,20
2008,46,27.0501,66,,25
2008,46,27.0501,66,1,15
2008,46,27.0501,66,2,10
2008,46,27.0501,76,,15
2008,46,27.0501,76,1,10
2008,46,27.0501,76,2,5
2008,46,27.0501,86,,10
2008,46,27.0501,86,1,5
2008,46,27.0501,86,2,5
2008,47,,,,20
2008,47,,,1,15
2008,47,,,2,5
2008,47,,66,,20
2008,47,,66,1,15
2008,47,,66,2,5
2008,47,,76,,0
2008,47,,76,1,0
2008,47,,76,2,0
2008,47,,86,,0
2008,47,,86,1,0
2008,47,,86,2,0
2008,47,26.1102,,,0
2008,47,26.1102,,1,0
2008,47,26.1102,,2,0
2008,47,26.1102,66,,0
2008,47,26.1102,66,1,0
2008,47,26.1102,66,2,0
2008,47,26.1102,76,,0
2008,47,26.1102,76,1,0
2008,47,26.1102,76,2,0
2008,47,26.1102,86,,0
2008,47,26.1102,86,1,0
2008,47,26.1102,86,2,0
2008,47,27.0501,,,20
2008,47,27.0501,,1,15
2008,47,27.0501,,2,5
2008,47,27.0501,66,,20
2008,47,27.0501,66,1,15
2008,47,27.0501,66,2,5
2008,47,27.0501,76,,0
2008,47,27.0501,76,1,0
2008,47,27.0501,76,2,0
2008,47,27.0501,86,,0
2008,47,27.0501,86,1,0
2008,47,27.0501,86,2,0
2008,48,,,,55
2008,48,,,1,25
2008,48,,,2,30
2008,48,,66,,55
2008,48,,66,1,25
2008,48,,66,2,30
2008,48,,76,,0
2008,48,,76,1,0
2008,48,,76,2,0
2008,48,,86,,0
2008,48,,86,1,0
2008,48,,86,2,0
2008,48,26.1102,,,0
2008,48,26.1102,,1,0
2008,48,26.1102,,2,0
2008,48,26.1102,66,,0
2008,48,26.1102,66,1,0
2008,48,26.1102,66,2,0
2008,48,26.1102,76,,0
2008,48,26.1102,76,1,0
2008,48,26.1102,76,2,0
2008,48,26.1102,86,,0
2008,48,26.1102,86,1,0
2008,48,26.1102,86,2,0
2008,48,27.0501,,,55
2008,48,27.0501,,1,25
2008,48,27.0501,,2,30
2008,48,27.0501,66,,55
2008,48,27.0501,66,1,25
2008,48,27.0501,66,2,30
2008,48,27.0501,76,,0
2008,48,27.0501,76,1,0
2008,48,27.0501,76,2,0
2008,48,27.0501,86,,0
2008,48,27.0501,86,1,0
2008,48,27.0501,86,2,0
2008,59,,,,240
2008,59,,,1,130
2008,59,,,2,110
2008,59,,66,,160
2008,59,,66,1,90
2008,59,,66,2,70
2008,59,,76,,45
2008,59,,76,1,15
2008,59,,76,2,30
2008,59,,86,,35
2008,59,,86,1,25
2008,59,,86,2,10
2008,59,26.1102,,,0
2008,59,26.1102,,1,0
2008,59,26.1102,,2,0
2008,59,26.1102,66,,0
2008,59,26.1102,66,1,0
2008,59,26.1102,66,2,0
2008,59,26.1102,76,,0
2008,59,26.1102,76,1,0
2008,59,26.1102,76,2,0
2008,59,26.1102,86,,0
2008,59,26.1102,86,1,0
2008,59,26.1102,86,2,0
2008,59,27.0501,,,240
2008,59,27.0501,,1,130
2008,59,27.0501,,2,110
2008,59,27.0501,66,,160
2008,59,27.0501,66,1,90
2008,59,27.0501,66,2,70
2008,59,27.0501,76,,45
2008,59,27.0501,76,1,15
2008,59,27.0501,76,2,30
2008,59,27.0501,86,,35
2008,59,27.0501,86,1,25
2008,59,27.0501,86,2,10
2009,,,,,1580
2009,,,,1,835
2009,,,,2,745
2009,,,66,,1125
2009,,,66,1,595
2009,,,66,2,530
2009,,,76,,285
2009,,,76,1,145
2009,,,76,2,140
2009,,,86,,170
2009,,,86,1,95
2009,,,86,2,75
2009,,26.1102,,,50
2009,,26.1102,,1,25
2009,,26.1102,,2,25
2009,,26.1102,66,,5
2009,,26.1102,66,1,5
2009,,26.1102,66,2,0
2009,,26.1102,76,,25
2009,,26.1102,76,1,10
2009,,26.1102,76,2,15
2009,,26.1102,86,,20
2009,,26.1102,86,1,10
2009,,26.1102,86,2,10
2009,,27.0501,,,1530
2009,,27.0501,,1,810
2009,,27.0501,,2,720
2009,,27.0501,66,,1120
2009,,27.0501,66,1,590
2009,,27.0501,66,2,530
2009,,27.0501,76,,260
2009,,27.0501,76,1,135
2009,,27.0501,76,2,125
2009,,27.0501,86,,150
2009,,27.0501,86,1,85
2009,,27.0501,86,2,65
2009,10,,,,30
2009,10,,,1,15
2009,10,,,2,15
2009,10,,66,,5
2009,10,,66,1,0
2009,10,,66,2,5
2009,10,,76,,15
2009,10,,76,1,10
2009,10,,76,2,5
2009,10,,86,,10
2009,10,,86,1,5
2009,10,,86,2,5
2009,10,26.1102,,,0
2009,10,26.1102,,1,0
2009,10,26.1102,,2,0
2009,10,26.1102,66,,0
2009,10,26.1102,66,1,0
2009,10,26.1102,66,2,0
2009,10,26.1102,76,,0
2009,10,26.1102,76,1,0
2009,10,26.1102,76,2,0
2009,10,26.1102,86,,0
2009,10,26.1102,86,1,0
2009,10,26.1102,86,2,0
2009,10,27.0501,,,30
2009,10,27.0501,,1,15
2009,10,27.0501,,2,15
2009,10,27.0501,66,,5
2009,10,27.0501,66,1,0
2009,10,27.0501,66,2,5
2009,10,27.0501,76,,15
2009,10,27.0501,76,1,10
2009,10,27.0501,76,2,5
2009,10,27.0501,86,,10
2009,10,27.0501,86,1,5
2009,10,27.0501,86,2,5
2009,12,,,,30
2009,12,,,1,15
2009,12,,,2,15
2009,12,,66,,15
2009,12,,66,1,10
2009,12,,66,2,5
2009,12,,76,,10
2009,12,,76,1,5
2009,12,,76,2,5
2009,12,,86,,5
2009,12,,86,1,0
2009,12,,86,2,5
2009,12,26.1102,,,0
2009,12,26.1102,,1,0
2009,12,26.1102,,2,0
2009,12,26.1102,66,,0
2009,12,26.1102,66,1,0
2009,12,26.1102,66,2,0
2009,12,26.1102,76,,0
2009,12,26.1102,76,1,0
2009,12,26.1102,76,2,0
2009,12,26.1102,86,,0
2009,12,26.1102,86,1,0
2009,12,26.1102,86,2,0
2009,12,27.0501,,,30
2009,12,27.0501,,1,15
2009,12,27.0501,,2,15
2009,12,27.0501,66,,15
2009,12,27.0501,66,1,10
2009,12,27.0501,66,2,5
2009,12,27.0501,76,,10
2009,12,27.0501,76,1,5
2009,12,27.0501,76,2,5
2009,12,27.0501,86,,5
2009,12,27.0501,86,1,0
2009,12,27.0501,86,2,5
2009,13,,,,5
2009,13,,,1,0
2009,13,,,2,5
2009,13,,66,,0
2009,13,,66,1,0
2009,13,,66,2,0
2009,13,,76,,5
2009,13,,76,1,0
2009,13,,76,2,5
2009,13,,86,,0
2009,13,,86,1,0
2009,13,,86,2,0
2009,13,26.1102,,,0
2009,13,26.1102,,1,0
2009,13,26.1102,,2,0
2009,13,26.1102,66,,0
2009,13,26.1102,66,1,0
2009,13,26.1102,66,2,0
2009,13,26.1102,76,,0
2009,13,26.1102,76,1,0
2009,13,26.1102,76,2,0
2009,13,26.1102,86,,0
2009,13,26.1102,86,1,0
2009,13,26.1102,86,2,0
2009,13,27.0501,,,5
2009,13,27.0501,,1,0
2009,13,27.0501,,2,5
2009,13,27.0501,66,,0
2009,13,27.0501,66,1,0
2009,13,27.0501,66,2,0
2009,13,27.0501,76,,5
2009,13,27.0501,76,1,0
2009,13,27.0501,76,2,5
2009,13,27.0501,86,,0
2009,13,27.0501,86,1,0
2009,13,27.0501,86,2,0
2009,24,,,,180
2009,24,,,1,100
2009,24,,,2,80
2009,24,,66,,95
2009,24,,66,1,50
2009,24,,66,2,45
2009,24,,76,,65
2009,24,,76,1,35
2009,24,,76,2,30
2009,24,,86,,20
2009,24,,86,1,15
2009,24,,86,2,5
2009,24,26.1102,,,30
2009,24,26.1102,,1,15
2009,24,26.1102,,2,15
2009,24,26.1102,66,,0
2009,24,26.1102,66,1,0
2009,24,26.1102,66,2,0
2009,24,26.1102,76,,20
2009,24,26.1102,76,1,10
2009,24,26.1102,76,2,10
2009,24,26.1102,86,,10
2009,24,26.1102,86,1,5
2009,24,26.1102,86,2,5
2009,24,27.0501,,,150
2009,24,27.0501,,1,85
2009,24,27.0501,,2,65
2009,24,27.0501,66,,95
2009,24,27.0501,66,1,50
2009,24,27.0501,66,2,45
2009,24,27.0501,76,,45
2009,24,27.0501,76,1,25
2009,24,27.0501,76,2,20
2009,24,27.0501,86,,10
2009,24,27.0501,86,1,10
2009,24,27.0501,86,2,0
2009,35,,,,970
2009,35,,,1,520
2009,35,,,2,450
2009,35,,66,,765
2009,35,,66,1,410
2009,35,,66,2,355
2009,35,,76,,120
2009,35,,76,1,65
2009,35,,76,2,55
2009,35,,86,,85
2009,35,,86,1,45
2009,35,,86,2,40
2009,35,26.1102,,,20
2009,35,26.1102,,1,10
2009,35,26.1102,,2,10
2009,35,26.1102,66,,5
2009,35,26.1102,66,1,5
2009,35,26.1102,66,2,0
2009,35,26.1102,76,,5
2009,35,26.1102,76,1,0
2009,35,26.1102,76,2,5
2009,35,26.1102,86,,10
2009,35,26.1102,86,1,5
2009,35,26.1102,86,2,5
2009,35,27.0501,,,950
2009,35,27.0501,,1,510
2009,35,27.0501,,2,440
2009,35,27.0501,66,,760
2009,35,27.0501,66,1,405
2009,35,27.0501,66,2,355
2009,35,27.0501,76,,115
2009,35,27.0501,76,1,65
2009,35,27.0501,76,2,50
2009,35,27.0501,86,,75
2009,35,27.0501,86,1,40
2009,35,27.0501,86,2,35
2009,46,,,,45
2009,46,,,1,20
2009,46,,,2,25
2009,46,,66,,25
2009,46,,66,1,10
2009,46,,66,2,15
2009,46,,76,,10
2009,46,,76,1,5
2009,46,,76,2,5
2009,46,,86,,10
2009,46,,86,1,5
2009,46,,86,2,5
2009,46,26.1102,,,0
2009,46,26.1102,,1,0
2009,46,26.1102,,2,0
2009,46,26.1102,66,,0
2009,46,26.1102,66,1,0
2009,46,26.1102,66,2,0
2009,46,26.1102,76,,0
2009,46,26.1102,76,1,0
2009,46,26.1102,76,2,0
2009,46,26.1102,86,,0
2009,46,26.1102,86,1,0
2009,46,26.1102,86,2,0
2009,46,27.0501,,,45
2009,46,27.0501,,1,20
2009,46,27.0501,,2,25
2009,46,27.0501,66,,25
2009,46,27.0501,66,1,10
2009,46,27.0501,66,2,15
2009,46,27.0501,76,,10
2009,46,27.0501,76,1,5
2009,46,27.0501,76,2,5
2009,46,27.0501,86,,10
2009,46,27.0501,86,1,5
2009,46,27.0501,86,2,5
2009,47,,,,25
2009,47,,,1,15
2009,47,,,2,10
2009,47,,66,,15
2009,47,,66,1,10
2009,47,,66,2,5
2009,47,,76,,5
2009,47,,76,1,0
2009,47,,76,2,5
2009,47,,86,,5
2009,47,,86,1,5
2009,47,,86,2,0
2009,47,26.1102,,,0
2009,47,26.1102,,1,0
2009,47,26.1102,,2,0
2009,47,26.1102,66,,0
2009,47,26.1102,66,1,0
2009,47,26.1102,66,2,0
2009,47,26.1102,76,,0
2009,47,26.1102,76,1,0
2009,47,26.1102,76,2,0
2009,47,26.1102,86,,0
2009,47,26.1102,86,1,0
2009,47,26.1102,86,2,0
2009,47,27.0501,,,25
2009,47,27.0501,,1,15
2009,47,27.0501,,2,10
2009,47,27.0501,66,,15
2009,47,27.0501,66,1,10
2009,47,27.0501,66,2,5
2009,47,27.0501,76,,5
2009,47,27.0501,76,1,0
2009,47,27.0501,76,2,5
2009,47,27.0501,86,,5
2009,47,27.0501,86,1,5
2009,47,27.0501,86,2,0
2009,48,,,,55
2009,48,,,1,25
2009,48,,,2,30
2009,48,,66,,55
2009,48,,66,1,25
2009,48,,66,2,30
2009,48,,76,,0
2009,48,,76,1,0
2009,48,,76,2,0
2009,48,,86,,0
2009,48,,86,1,0
2009,48,,86,2,0
2009,48,26.1102,,,0
2009,48,26.1102,,1,0
2009,48,26.1102,,2,0
2009,48,26.1102,66,,0
2009,48,26.1102,66,1,0
2009,48,26.1102,66,2,0
2009,48,26.1102,76,,0
2009,48,26.1102,76,1,0
2009,48,26.1102,76,2,0
2009,48,26.1102,86,,0
2009,48,26.1102,86,1,0
2009,48,26.1102,86,2,0
2009,48,27.0501,,,55
2009,48,27.0501,,1,25
2009,48,27.0501,,2,30
2009,48,27.0501,66,,55
2009,48,27.0501,66,1,25
2009,48,27.0501,66,2,30
2009,48,27.0501,76,,0
2009,48,27.0501,76,1,0
2009,48,27.0501,76,2,0
2009,48,27.0501,86,,0
2009,48,27.0501,86,1,0
2009,48,27.0501,86,2,0
2009,59,,,,240
2009,59,,,1,125
2009,59,,,2,115
2009,59,,66,,150
2009,59,,66,1,80
2009,59,,66,2,70
2009,59,,76,,55
2009,59,,76,1,25
2009,59,,76,2,30
2009,59,,86,,35
2009,59,,86,1,20
2009,59,,86,2,15
2009,59,26.1102,,,0
2009,59,26.1102,,1,0
2009,59,26.1102,,2,0
2009,59,26.1102,66,,0
2009,59,26.1102,66,1,0
2009,59,26.1102,66,2,0
2009,59,26.1102,76,,0
2009,59,26.1102,76,1,0
2009,59,26.1102,76,2,0
2009,59,26.1102,86,,0
2009,59,26.1102,86,1,0
2009,59,26.1102,86,2,0
2009,59,27.0501,,,240
2009,59,27.0501,,1,125
2009,59,27.0501,,2,115
2009,59,27.0501,66,,150
2009,59,27.0501,66,1,80
2009,59,27.0501,66,2,70
2009,59,27.0501,76,,55
2009,59,27.0501,76,1,25
2009,59,27.0501,76,2,30
2009,59,27.0501,86,,35
2009,59,27.0501,86,1,20
2009,59,27.0501,86,2,15
2010,,,,,1695
2010,,,,1,930
2010,,,,2,765
2010,,,66,,1200
2010,,,66,1,665
2010,,,66,2,535
2010,,,76,,290
2010,,,76,1,150
2010,,,76,2,140
2010,,,86,,205
2010,,,86,1,115
2010,,,86,2,90
2010,,26.1102,,,50
2010,,26.1102,,1,20
2010,,26.1102,,2,30
2010,,26.1102,66,,0
2010,,26.1102,66,1,0
2010,,26.1102,66,2,0
2010,,26.1102,76,,20
2010,,26.1102,76,1,5
2010,,26.1102,76,2,15
2010,,26.1102,86,,30
2010,,26.1102,86,1,15
2010,,26.1102,86,2,15
2010,,27.0501,,,1645
2010,,27.0501,,1,910
2010,,27.0501,,2,735
2010,,27.0501,66,,1200
2010,,27.0501,66,1,665
2010,,27.0501,66,2,535
2010,,27.0501,76,,270
2010,,27.0501,76,1,145
2010,,27.0501,76,2,125
2010,,27.0501,86,,175
2010,,27.0501,86,1,100
2010,,27.0501,86,2,75
2010,10,,,,25
2010,10,,,1,15
2010,10,,,2,10
2010,10,,66,,5
2010,10,,66,1,5
2010,10,,66,2,0
2010,10,,76,,15
2010,10,,76,1,5
2010,10,,76,2,10
2010,10,,86,,5
2010,10,,86,1,5
2010,10,,86,2,0
2010,10,26.1102,,,0
2010,10,26.1102,,1,0
2010,10,26.1102,,2,0
2010,10,26.1102,66,,0
2010,10,26.1102,66,1,0
2010,10,26.1102,66,2,0
2010,10,26.1102,76,,0
2010,10,26.1102,76,1,0
2010,10,26.1102,76,2,0
2010,10,26.1102,86,,0
2010,10,26.1102,86,1,0
2010,10,26.1102,86,2,0
2010,10,27.0501,,,25
2010,10,27.0501,,1,15
2010,10,27.0501,,2,10
2010,10,27.0501,66,,5
2010,10,27.0501,66,1,5
2010,10,27.0501,66,2,0
2010,10,27.0501,76,,15
2010,10,27.0501,76,1,5
2010,10,27.0501,76,2,10
2010,10,27.0501,86,,5
2010,10,27.0501,86,1,5
2010,10,27.0501,86,2,0
2010,12,,,,30
2010,12,,,1,20
2010,12,,,2,10
2010,12,,66,,10
2010,12,,66,1,10
2010,12,,66,2,0
2010,12,,76,,15
2010,12,,76,1,10
2010,12,,76,2,5
2010,12,,86,,5
2010,12,,86,1,0
2010,12,,86,2,5
2010,12,26.1102,,,0
2010,12,26.1102,,1,0
2010,12,26.1102,,2,0
2010,12,26.1102,66,,0
2010,12,26.1102,66,1,0
2010,12,26.1102,66,2,0
2010,12,26.1102,76,,0
2010,12,26.1102,76,1,0
2010,12,26.1102,76,2,0
2010,12,26.1102,86,,0
2010,12,26.1102,86,1,0
2010,12,26.1102,86,2,0
2010,12,27.0501,,,30
2010,12,27.0501,,1,20
2010,12,27.0501,,2,10
2010,12,27.0501,66,,10
2010,12,27.0501,66,1,10
2010,12,27.0501,66,2,0
2010,12,27.0501,76,,15
2010,12,27.0501,76,1,10
2010,12,27.0501,76,2,5
2010,12,27.0501,86,,5
2010,12,27.0501,86,1,0
2010,12,27.0501,86,2,5
2010,13,,,,10
2010,13,,,1,5
2010,13,,,2,5
2010,13,,66,,0
2010,13,,66,1,0
2010,13,,66,2,0
2010,13,,76,,5
2010,13,,76,1,5
2010,13,,76,2,0
2010,13,,86,,5
2010,13,,86,1,0
2010,13,,86,2,5
2010,13,26.1102,,,0
2010,13,26.1102,,1,0
2010,13,26.1102,,2,0
2010,13,26.1102,66,,0
2010,13,26.1102,66,1,0
2010,13,26.1102,66,2,0
2010,13,26.1102,76,,0
2010,13,26.1102,76,1,0
2010,13,26.1102,76,2,0
2010,13,26.1102,86,,0
2010,13,26.1102,86,1,0
2010,13,26.1102,86,2,0
2010,13,27.0501,,,10
2010,13,27.0501,,1,5
2010,13,27.0501,,2,5
2010,13,27.0501,66,,0
2010,13,27.0501,66,1,0
2010,13,27.0501,66,2,0
2010,13,27.0501,76,,5
2010,13,27.0501,76,1,5
2010,13,27.0501,76,2,0
2010,13,27.0501,86,,5
2010,13,27.0501,86,1,0
2010,13,27.0501,86,2,5
2010,24,,,,195
2010,24,,,1,110
2010,24,,,2,85
2010,24,,66,,100
2010,24,,66,1,55
2010,24,,66,2,45
2010,24,,76,,75
2010,24,,76,1,40
2010,24,,76,2,35
2010,24,,86,,20
2010,24,,86,1,15
2010,24,,86,2,5
2010,24,26.1102,,,25
2010,24,26.1102,,1,10
2010,24,26.1102,,2,15
2010,24,26.1102,66,,0
2010,24,26.1102,66,1,0
2010,24,26.1102,66,2,0
2010,24,26.1102,76,,15
2010,24,26.1102,76,1,5
2010,24,26.1102,76,2,10
2010,24,26.1102,86,,10
2010,24,26.1102,86,1,5
2010,24,26.1102,86,2,5
2010,24,27.0501,,,170
2010,24,27.0501,,1,100
2010,24,27.0501,,2,70
2010,24,27.0501,66,,100
2010,24,27.0501,66,1,55
2010,24,27.0501,66,2,45
2010,24,27.0501,76,,60
2010,24,27.0501,76,1,35
2010,24,27.0501,76,2,25
2010,24,27.0501,86,,10
2010,24,27.0501,86,1,10
2010,24,27.0501,86,2,0
2010,35,,,,1060
2010,35,,,1,590
2010,35,,,2,470
2010,35,,66,,840
2010,35,,66,1,475
2010,35,,66,2,365
2010,35,,76,,115
2010,35,,76,1,55
2010,35,,76,2,60
2010,35,,86,,105
2010,35,,86,1,60
2010,35,,86,2,45
2010,35,26.1102,,,20
2010,35,26.1102,,1,5
2010,35,26.1102,,2,15
2010,35,26.1102,66,,0
2010,35,26.1102,66,1,0
2010,35,26.1102,66,2,0
2010,35,26.1102,76,,5
2010,35,26.1102,76,1,0
2010,35,26.1102,76,2,5
2010,35,26.1102,86,,15
2010,35,26.1102,86,1,5
2010,35,26.1102,86,2,10
2010,35,27.0501,,,1040
2010,35,27.0501,,1,585
2010,35,27.0501,,2,455
2010,35,27.0501,66,,840
2010,35,27.0501,66,1,475
2010,35,27.0501,66,2,365
2010,35,27.0501,76,,110
2010,35,27.0501,76,1,55
2010,35,27.0501,76,2,55
2010,35,27.0501,86,,90
2010,35,27.0501,86,1,55
2010,35,27.0501,86,2,35
2010,46,,,,45
2010,46,,,1,25
2010,46,,,2,20
2010,46,,66,,20
2010,46,,66,1,10
2010,46,,66,2,10
2010,46,,76,,10
2010,46,,76,1,5
2010,46,,76,2,5
2010,46,,86,,15
2010,46,,86,1,10
2010,46,,86,2,5
2010,46,26.1102,,,0
2010,46,26.1102,,1,0
2010,46,26.1102,,2,0
2010,46,26.1102,66,,0
2010,46,26.1102,66,1,0
2010,46,26.1102,66,2,0
2010,46,26.1102,76,,0
2010,46,26.1102,76,1,0
2010,46,26.1102,76,2,0
2010,46,26.1102,86,,0
2010,46,26.1102,86,1,0
2010,46,26.1102,86,2,0
2010,46,27.0501,,,45
2010,46,27.0501,,1,25
2010,46,27.0501,,2,20
2010,46,27.0501,66,,20
2010,46,27.0501,66,1,10
2010,46,27.0501,66,2,10
2010,46,27.0501,76,,10
2010,46,27.0501,76,1,5
2010,46,27.0501,76,2,5
2010,46,27.0501,86,,15
2010,46,27.0501,86,1,10
2010,46,27.0501,86,2,5
2010,47,,,,20
2010,47,,,1,10
2010,47,,,2,10
2010,47,,66,,10
2010,47,,66,1,5
2010,47,,66,2,5
2010,47,,76,,0
2010,47,,76,1,0
2010,47,,76,2,0
2010,47,,86,,10
2010,47,,86,1,5
2010,47,,86,2,5
2010,47,26.1102,,,5
2010,47,26.1102,,1,5
2010,47,26.1102,,2,0
2010,47,26.1102,66,,0
2010,47,26.1102,66,1,0
2010,47,26.1102,66,2,0
2010,47,26.1102,76,,0
2010,47,26.1102,76,1,0
2010,47,26.1102,76,2,0
2010,47,26.1102,86,,5
2010,47,26.1102,86,1,5
2010,47,26.1102,86,2,0
2010,47,27.0501,,,15
2010,47,27.0501,,1,5
2010,47,27.0501,,2,10
2010,47,27.0501,66,,10
2010,47,27.0501,66,1,5
2010,47,27.0501,66,2,5
2010,47,27.0501,76,,0
2010,47,27.0501,76,1,0
2010,47,27.0501,76,2,0
2010,47,27.0501,86,,5
2010,47,27.0501,86,1,0
2010,47,27.0501,86,2,5
2010,48,,,,55
2010,48,,,1,25
2010,48,,,2,30
2010,48,,66,,55
2010,48,,66,1,25
2010,48,,66,2,30
2010,48,,76,,0
2010,48,,76,1,0
2010,48,,76,2,0
2010,48,,86,,0
2010,48,,86,1,0
2010,48,,86,2,0
2010,48,26.1102,,,0
2010,48,26.1102,,1,0
2010,48,26.1102,,2,0
2010,48,26.1102,66,,0
2010,48,26.1102,66,1,0
2010,48,26.1102,66,2,0
2010,48,26.1102,76,,0
2010,48,26.1102,76,1,0
2010,48,26.1102,76,2,0
2010,48,26.1102,86,,0
2010,48,26.1102,86,1,0
2010,48,26.1102,86,2,0
2010,48,27.0501,,,55
2010,48,27.0501,,1,25
2010,48,27.0501,,2,30
2010,48,27.0501,66,,55
2010,48,27.0501,66,1,25
2010,48,27.0501,66,2,30
2010,48,27.0501,76,,0
2010,48,27.0501,76,1,0
2010,48,27.0501,76,2,0
2010,48,27.0501,86,,0
2010,48,27.0501,86,1,0
2010,48,27.0501,86,2,0
2010,59,,,,255
2010,59,,,1,130
2010,59,,,2,125
2010,59,,66,,160
2010,59,,66,1,80
2010,59,,66,2,80
2010,59,,76,,55
2010,59,,76,1,30
2010,59,,76,2,25
2010,59,,86,,40
2010,59,,86,1,20
2010,59,,86,2,20
2010,59,26.1102,,,0
2010,59,26.1102,,1,0
2010,59,26.1102,,2,0
2010,59,26.1102,66,,0
2010,59,26.1102,66,1,0
2010,59,26.1102,66,2,0
2010,59,26.1102,76,,0
2010,59,26.1102,76,1,0
2010,59,26.1102,76,2,0
2010,59,26.1102,86,,0
2010,59,26.1102,86,1,0
2010,59,26.1102,86,2,0
2010,59,27.0501,,,255
2010,59,27.0501,,1,130
2010,59,27.0501,,2,125
2010,59,27.0501,66,,160
2010,59,27.0501,66,1,80
2010,59,27.0501,66,2,80
2010,59,27.0501,76,,55
2010,59,27.0501,76,1,30
2010,59,27.0501,76,2,25
2010,59,27.0501,86,,40
2010,59,27.0501,86,1,20
2010,59,27.0501,86,2,20
2011,,,,,1780
2011,,,,1,965
2011,,,,2,815
2011,,,66,,1230
2011,,,66,1,670
2011,,,66,2,560
2011,,,76,,340
2011,,,76,1,170
2011,,,76,2,170
2011,,,86,,210
2011,,,86,1,125
2011,,,86,2,85
2011,,26.1102,,,60
2011,,26.1102,,1,30
2011,,26.1102,,2,30
2011,,26.1102,66,,5
2011,,26.1102,66,1,0
2011,,26.1102,66,2,5
2011,,26.1102,76,,25
2011,,26.1102,76,1,10
2011,,26.1102,76,2,15
2011,,26.1102,86,,30
2011,,26.1102,86,1,20
2011,,26.1102,86,2,10
2011,,27.0501,,,1720
2011,,27.0501,,1,935
2011,,27.0501,,2,785
2011,,27.0501,66,,1225
2011,,27.0501,66,1,670
2011,,27.0501,66,2,555
2011,,27.0501,76,,315
2011,,27.0501,76,1,160
2011,,27.0501,76,2,155
2011,,27.0501,86,,180
2011,,27.0501,86,1,105
2011,,27.0501,86,2,75
2011,10,,,,30
2011,10,,,1,15
2011,10,,,2,15
2011,10,,66,,5
2011,10,,66,1,5
2011,10,,66,2,0
2011,10,,76,,15
2011,10,,76,1,5
2011,10,,76,2,10
2011,10,,86,,10
2011,10,,86,1,5
2011,10,,86,2,5
2011,10,26.1102,,,0
2011,10,26.1102,,1,0
2011,10,26.1102,,2,0
2011,10,26.1102,66,,0
2011,10,26.1102,66,1,0
2011,10,26.1102,66,2,0
2011,10,26.1102,76,,0
2011,10,26.1102,76,1,0
2011,10,26.1102,76,2,0
2011,10,26.1102,86,,0
2011,10,26.1102,86,1,0
2011,10,26.1102,86,2,0
2011,10,27.0501,,,30
2011,10,27.0501,,1,15
2011,10,27.0501,,2,15
2011,10,27.0501,66,,5
2011,10,27.0501,66,1,5
2011,10,27.0501,66,2,0
2011,10,27.0501,76,,15
2011,10,27.0501,76,1,5
2011,10,27.0501,76,2,10
2011,10,27.0501,86,,10
2011,10,27.0501,86,1,5
2011,10,27.0501,86,2,5
2011,12,,,,30
2011,12,,,1,25
2011,12,,,2,5
2011,12,,66,,15
2011,12,,66,1,10
2011,12,,66,2,5
2011,12,,76,,10
2011,12,,76,1,10
2011,12,,76,2,0
2011,12,,86,,5
2011,12,,86,1,5
2011,12,,86,2,0
2011,12,26.1102,,,0
2011,12,26.1102,,1,0
2011,12,26.1102,,2,0
2011,12,26.1102,66,,0
2011,12,26.1102,66,1,0
2011,12,26.1102,66,2,0
2011,12,26.1102,76,,0
2011,12,26.1102,76,1,0
2011,12,26.1102,76,2,0
2011,12,26.1102,86,,0
2011,12,26.1102,86,1,0
2011,12,26.1102,86,2,0
2011,12,27.0501,,,30
2011,12,27.0501,,1,25
2011,12,27.0501,,2,5
2011,12,27.0501,66,,15
2011,12,27.0501,66,1,10
2011,12,27.0501,66,2,5
2011,12,27.0501,76,,10
2011,12,27.0501,76,1,10
2011,12,27.0501,76,2,0
2011,12,27.0501,86,,5
2011,12,27.0501,86,1,5
2011,12,27.0501,86,2,0
2011,13,,,,5
2011,13,,,1,5
2011,13,,,2,0
2011,13,,66,,0
2011,13,,66,1,0
2011,13,,66,2,0
2011,13,,76,,5
2011,13,,76,1,5
2011,13,,76,2,0
2011,13,,86,,0
2011,13,,86,1,0
2011,13,,86,2,0
2011,13,26.1102,,,0
2011,13,26.1102,,1,0
2011,13,26.1102,,2,0
2011,13,26.1102,66,,0
2011,13,26.1102,66,1,0
2011,13,26.1102,66,2,0
2011,13,26.1102,76,,0
2011,13,26.1102,76,1,0
2011,13,26.1102,76,2,0
2011,13,26.1102,86,,0
2011,13,26.1102,86,1,0
2011,13,26.1102,86,2,0
2011,13,27.0501,,,5
2011,13,27.0501,,1,5
2011,13,27.0501,,2,0
2011,13,27.0501,66,,0
2011,13,27.0501,66,1,0
2011,13,27.0501,66,2,0
2011,13,27.0501,76,,5
2011,13,27.0501,76,1,5
2011,13,27.0501,76,2,0
2011,13,27.0501,86,,0
2011,13,27.0501,86,1,0
2011,13,27.0501,86,2,0
2011,24,,,,210
2011,24,,,1,115
2011,24,,,2,95
2011,24,,66,,115
2011,24,,66,1,60
2011,24,,66,2,55
2011,24,,76,,70
2011,24,,76,1,40
2011,24,,76,2,30
2011,24,,86,,25
2011,24,,86,1,15
2011,24,,86,2,10
2011,24,26.1102,,,30
2011,24,26.1102,,1,15
2011,24,26.1102,,2,15
2011,24,26.1102,66,,0
2011,24,26.1102,66,1,0
2011,24,26.1102,66,2,0
2011,24,26.1102,76,,20
2011,24,26.1102,76,1,10
2011,24,26.1102,76,2,10
2011,24,26.1102,86,,10
2011,24,26.1102,86,1,5
2011,24,26.1102,86,2,5
2011,24,27.0501,,,180
2011,24,27.0501,,1,100
2011,24,27.0501,,2,80
2011,24,27.0501,66,,115
2011,24,27.0501,66,1,60
2011,24,27.0501,66,2,55
2011,24,27.0501,76,,55
2011,24,27.0501,76,1,30
2011,24,27.0501,76,2,20
2011,24,27.0501,86,,15
2011,24,27.0501,86,1,10
2011,24,27.0501,86,2,5
2011,35,,,,1075
2011,35,,,1,570
2011,35,,,2,505
2011,35,,66,,800
2011,35,,66,1,430
2011,35,,66,2,370
2011,35,,76,,160
2011,35,,76,1,70
2011,35,,76,2,90
2011,35,,86,,115
2011,35,,86,1,70
2011,35,,86,2,45
2011,35,26.1102,,,25
2011,35,26.1102,,1,10
2011,35,26.1102,,2,15
2011,35,26.1102,66,,5
2011,35,26.1102,66,1,0
2011,35,26.1102,66,2,5
2011,35,26.1102,76,,5
2011,35,26.1102,76,1,0
2011,35,26.1102,76,2,5
2011,35,26.1102,86,,15
2011,35,26.1102,86,1,10
2011,35,26.1102,86,2,5
2011,35,27.0501,,,1050
2011,35,27.0501,,1,560
2011,35,27.0501,,2,490
2011,35,27.0501,66,,795
2011,35,27.0501,66,1,430
2011,35,27.0501,66,2,365
2011,35,27.0501,76,,155
2011,35,27.0501,76,1,70
2011,35,27.0501,76,2,85
2011,35,27.0501,86,,100
2011,35,27.0501,86,1,60
2011,35,27.0501,86,2,40
2011,46,,,,55
2011,46,,,1,30
2011,46,,,2,25
2011,46,,66,,25
2011,46,,66,1,15
2011,46,,66,2,10
2011,46,,76,,15
2011,46,,76,1,10
2011,46,,76,2,5
2011,46,,86,,15
2011,46,,86,1,5
2011,46,,86,2,10
2011,46,26.1102,,,0
2011,46,26.1102,,1,0
2011,46,26.1102,,2,0
2011,46,26.1102,66,,0
2011,46,26.1102,66,1,0
2011,46,26.1102,66,2,0
2011,46,26.1102,76,,0
2011,46,26.1102,76,1,0
2011,46,26.1102,76,2,0
2011,46,26.1102,86,,0
2011,46,26.1102,86,1,0
2011,46,26.1102,86,2,0
2011,46,27.0501,,,55
2011,46,27.0501,,1,30
2011,46,27.0501,,2,25
2011,46,27.0501,66,,25
2011,46,27.0501,66,1,15
2011,46,27.0501,66,2,10
2011,46,27.0501,76,,15
2011,46,27.0501,76,1,10
2011,46,27.0501,76,2,5
2011,46,27.0501,86,,15
2011,46,27.0501,86,1,5
2011,46,27.0501,86,2,10
2011,47,,,,20
2011,47,,,1,15
2011,47,,,2,5
2011,47,,66,,10
2011,47,,66,1,10
2011,47,,66,2,0
2011,47,,76,,5
2011,47,,76,1,0
2011,47,,76,2,5
2011,47,,86,,5
2011,47,,86,1,5
2011,47,,86,2,0
2011,47,26.1102,,,5
2011,47,26.1102,,1,5
2011,47,26.1102,,2,0
2011,47,26.1102,66,,0
2011,47,26.1102,66,1,0
2011,47,26.1102,66,2,0
2011,47,26.1102,76,,0
2011,47,26.1102,76,1,0
2011,47,26.1102,76,2,0
2011,47,26.1102,86,,5
2011,47,26.1102,86,1,5
2011,47,26.1102,86,2,0
2011,47,27.0501,,,15
2011,47,27.0501,,1,10
2011,47,27.0501,,2,5
2011,47,27.0501,66,,10
2011,47,27.0501,66,1,10
2011,47,27.0501,66,2,0
2011,47,27.0501,76,,5
2011,47,27.0501,76,1,0
2011,47,27.0501,76,2,5
2011,47,27.0501,86,,0
2011,47,27.0501,86,1,0
2011,47,27.0501,86,2,0
2011,48,,,,55
2011,48,,,1,30
2011,48,,,2,25
2011,48,,66,,55
2011,48,,66,1,30
2011,48,,66,2,25
2011,48,,76,,0
2011,48,,76,1,0
2011,48,,76,2,0
2011,48,,86,,0
2011,48,,86,1,0
2011,48,,86,2,0
2011,48,26.1102,,,0
2011,48,26.1102,,1,0
2011,48,26.1102,,2,0
2011,48,26.1102,66,,0
2011,48,26.1102,66,1,0
2011,48,26.1102,66,2,0
2011,48,26.1102,76,,0
2011,48,26.1102,76,1,0
2011,48,26.1102,76,2,0
2011,48,26.1102,86,,0
2011,48,26.1102,86,1,0
2011,48,26.1102,86,2,0
2011,48,27.0501,,,55
2011,48,27.0501,,1,30
2011,48,27.0501,,2,25
2011,48,27.0501,66,,55
2011,48,27.0501,66,1,30
2011,48,27.0501,66,2,25
2011,48,27.0501,76,,0
2011,48,27.0501,76,1,0
2011,48,27.0501,76,2,0
2011,48,27.0501,86,,0
2011,48,27.0501,86,1,0
2011,48,27.0501,86,2,0
2011,59,,,,300
2011,59,,,1,160
2011,59,,,2,140
2011,59,,66,,205
2011,59,,66,1,110
2011,59,,66,2,95
2011,59,,76,,60
2011,59,,76,1,30
2011,59,,76,2,30
2011,59,,86,,35
2011,59,,86,1,20
2011,59,,86,2,15
2011,59,26.1102,,,0
2011,59,26.1102,,1,0
2011,59,26.1102,,2,0
2011,59,26.1102,66,,0
2011,59,26.1102,66,1,0
2011,59,26.1102,66,2,0
2011,59,26.1102,76,,0
2011,59,26.1102,76,1,0
2011,59,26.1102,76,2,0
2011,59,26.1102,86,,0
2011,59,26.1102,86,1,0
2011,59,26.1102,86,2,0
2011,59,27.0501,,,300
2011,59,27.0501,,1,160
2011,59,27.0501,,2,140
2011,59,27.0501,66,,205
2011,59,27.0501,66,1,110
2011,59,27.0501,66,2,95
2011,59,27.0501,76,,60
2011,59,27.0501,76,1,30
2011,59,27.0501,76,2,30
2011,59,27.0501,86,,35
2011,59,27.0501,86,1,20
2011,59,27.0501,86,2,15
2012,,,,,1955
2012,,,,1,1065
2012,,,,2,890
2012,,,66,,1390
2012,,,66,1,760
2012,,,66,2,630
2012,,,76,,350
2012,,,76,1,180
2012,,,76,2,170
2012,,,86,,215
2012,,,86,1,125
2012,,,86,2,90
2012,,26.1102,,,60
2012,,26.1102,,1,25
2012,,26.1102,,2,35
2012,,26.1102,66,,0
2012,,26.1102,66,1,0
2012,,26.1102,66,2,0
2012,,26.1102,76,,35
2012,,26.1102,76,1,15
2012,,26.1102,76,2,20
2012,,26.1102,86,,25
2012,,26.1102,86,1,10
2012,,26.1102,86,2,15
2012,,27.0501,,,1895
2012,,27.0501,,1,1040
2012,,27.0501,,2,855
2012,,27.0501,66,,1390
2012,,27.0501,66,1,760
2012,,27.0501,66,2,630
2012,,27.0501,76,,315
2012,,27.0501,76,1,165
2012,,27.0501,76,2,150
2012,,27.0501,86,,190
2012,,27.0501,86,1,115
2012,,27.0501,86,2,75
2012,10,,,,30
2012,10,,,1,20
2012,10,,,2,10
2012,10,,66,,5
2012,10,,66,1,5
2012,10,,66,2,0
2012,10,,76,,15
2012,10,,76,1,10
2012,10,,76,2,5
2012,10,,86,,10
2012,10,,86,1,5
2012,10,,86,2,5
2012,10,26.1102,,,0
2012,10,26.1102,,1,0
2012,10,26.1102,,2,0
2012,10,26.1102,66,,0
2012,10,26.1102,66,1,0
2012,10,26.1102,66,2,0
2012,10,26.1102,76,,0
2012,10,26.1102,76,1,0
2012,10,26.1102,76,2,0
2012,10,26.1102,86,,0
2012,10,26.1102,86,1,0
2012,10,26.1102,86,2,0
2012,10,27.0501,,,30
2012,10,27.0501,,1,20
2012,10,27.0501,,2,10
2012,10,27.0501,66,,5
2012,10,27.0501,66,1,5
2012,10,27.0501,66,2,0
2012,10,27.0501,76,,15
2012,10,27.0501,76,1,10
2012,10,27.0501,76,2,5
2012,10,27.0501,86,,10
2012,10,27.0501,86,1,5
2012,10,27.0501,86,2,5
2012,12,,,,35
2012,12,,,1,25
2012,12,,,2,10
2012,12,,66,,25
2012,12,,66,1,15
2012,12,,66,2,10
2012,12,,76,,5
2012,12,,76,1,5
2012,12,,76,2,0
2012,12,,86,,5
2012,12,,86,1,5
2012,12,,86,2,0
2012,12,26.1102,,,0
2012,12,26.1102,,1,0
2012,12,26.1102,,2,0
2012,12,26.1102,66,,0
2012,12,26.1102,66,1,0
2012,12,26.1102,66,2,0
2012,12,26.1102,76,,0
2012,12,26.1102,76,1,0
2012,12,26.1102,76,2,0
2012,12,26.1102,86,,0
2012,12,26.1102,86,1,0
2012,12,26.1102,86,2,0
2012,12,27.0501,,,35
2012,12,27.0501,,1,25
2012,12,27.0501,,2,10
2012,12,27.0501,66,,25
2012,12,27.0501,66,1,15
2012,12,27.0501,66,2,10
2012,12,27.0501,76,,5
2012,12,27.0501,76,1,5
2012,12,27.0501,76,2,0
2012,12,27.0501,86,,5
2012,12,27.0501,86,1,5
2012,12,27.0501,86,2,0
2012,13,,,,0
2012,13,,,1,0
2012,13,,,2,0
2012,13,,66,,0
2012,13,,66,1,0
2012,13,,66,2,0
2012,13,,76,,0
2012,13,,76,1,0
2012,13,,76,2,0
2012,13,,86,,0
2012,13,,86,1,0
2012,13,,86,2,0
2012,13,26.1102,,,0
2012,13,26.1102,,1,0
2012,13,26.1102,,2,0
2012,13,26.1102,66,,0
2012,13,26.1102,66,1,0
2012,13,26.1102,66,2,0
2012,13,26.1102,76,,0
2012,13,26.1102,76,1,0
2012,13,26.1102,76,2,0
2012,13,26.1102,86,,0
2012,13,26.1102,86,1,0
2012,13,26.1102,86,2,0
2012,13,27.0501,,,0
2012,13,27.0501,,1,0
2012,13,27.0501,,2,0
2012,13,27.0501,66,,0
2012,13,27.0501,66,1,0
2012,13,27.0501,66,2,0
2012,13,27.0501,76,,0
2012,13,27.0501,76,1,0
2012,13,27.0501,76,2,0
2012,13,27.0501,86,,0
2012,13,27.0501,86,1,0
2012,13,27.0501,86,2,0
2012,24,,,,235
2012,24,,,1,135
2012,24,,,2,100
2012,24,,66,,125
2012,24,,66,1,75
2012,24,,66,2,50
2012,24,,76,,85
2012,24,,76,1,45
2012,24,,76,2,40
2012,24,,86,,25
2012,24,,86,1,15
2012,24,,86,2,10
2012,24,26.1102,,,35
2012,24,26.1102,,1,10
2012,24,26.1102,,2,20
2012,24,26.1102,66,,0
2012,24,26.1102,66,1,0
2012,24,26.1102,66,2,0
2012,24,26.1102,76,,20
2012,24,26.1102,76,1,5
2012,24,26.1102,76,2,15
2012,24,26.1102,86,,15
2012,24,26.1102,86,1,5
2012,24,26.1102,86,2,10
2012,24,27.0501,,,200
2012,24,27.0501,,1,125
2012,24,27.0501,,2,75
2012,24,27.0501,66,,125
2012,24,27.0501,66,1,75
2012,24,27.0501,66,2,50
2012,24,27.0501,76,,65
2012,24,27.0501,76,1,40
2012,24,27.0501,76,2,25
2012,24,27.0501,86,,10
2012,24,27.0501,86,1,10
2012,24,27.0501,86,2,0
2012,35,,,,1140
2012,35,,,1,605
2012,35,,,2,535
2012,35,,66,,855
2012,35,,66,1,455
2012,35,,66,2,400
2012,35,,76,,165
2012,35,,76,1,85
2012,35,,76,2,80
2012,35,,86,,120
2012,35,,86,1,65
2012,35,,86,2,55
2012,35,26.1102,,,20
2012,35,26.1102,,1,10
2012,35,26.1102,,2,10
2012,35,26.1102,66,,0
2012,35,26.1102,66,1,0
2012,35,26.1102,66,2,0
2012,35,26.1102,76,,10
2012,35,26.1102,76,1,5
2012,35,26.1102,76,2,5
2012,35,26.1102,86,,10
2012,35,26.1102,86,1,5
2012,35,26.1102,86,2,5
2012,35,27.0501,,,1120
2012,35,27.0501,,1,595
2012,35,27.0501,,2,525
2012,35,27.0501,66,,855
2012,35,27.0501,66,1,455
2012,35,27.0501,66,2,400
2012,35,27.0501,76,,155
2012,35,27.0501,76,1,80
2012,35,27.0501,76,2,75
2012,35,27.0501,86,,110
2012,35,27.0501,86,1,60
2012,35,27.0501,86,2,50
2012,46,,,,55
2012,46,,,1,25
2012,46,,,2,30
2012,46,,66,,30
2012,46,,66,1,15
2012,46,,66,2,15
2012,46,,76,,15
2012,46,,76,1,5
2012,46,,76,2,10
2012,46,,86,,10
2012,46,,86,1,5
2012,46,,86,2,5
2012,46,26.1102,,,0
2012,46,26.1102,,1,0
2012,46,26.1102,,2,0
2012,46,26.1102,66,,0
2012,46,26.1102,66,1,0
2012,46,26.1102,66,2,0
2012,46,26.1102,76,,0
2012,46,26.1102,76,1,0
2012,46,26.1102,76,2,0
2012,46,26.1102,86,,0
2012,46,26.1102,86,1,0
2012,46,26.1102,86,2,0
2012,46,27.0501,,,55
2012,46,27.0501,,1,25
2012,46,27.0501,,2,30
2012,46,27.0501,66,,30
2012,46,27.0501,66,1,15
2012,46,27.0501,66,2,15
2012,46,27.0501,76,,15
2012,46,27.0501,76,1,5
2012,46,27.0501,76,2,10
2012,46,27.0501,86,,10
2012,46,27.0501,86,1,5
2012,46,27.0501,86,2,5
2012,47,,,,35
2012,47,,,1,20
2012,47,,,2,15
2012,47,,66,,20
2012,47,,66,1,10
2012,47,,66,2,10
2012,47,,76,,10
2012,47,,76,1,5
2012,47,,76,2,5
2012,47,,86,,5
2012,47,,86,1,5
2012,47,,86,2,0
2012,47,26.1102,,,5
2012,47,26.1102,,1,5
2012,47,26.1102,,2,0
2012,47,26.1102,66,,0
2012,47,26.1102,66,1,0
2012,47,26.1102,66,2,0
2012,47,26.1102,76,,5
2012,47,26.1102,76,1,5
2012,47,26.1102,76,2,0
2012,47,26.1102,86,,0
2012,47,26.1102,86,1,0
2012,47,26.1102,86,2,0
2012,47,27.0501,,,30
2012,47,27.0501,,1,15
2012,47,27.0501,,2,15
2012,47,27.0501,66,,20
2012,47,27.0501,66,1,10
2012,47,27.0501,66,2,10
2012,47,27.0501,76,,5
2012,47,27.0501,76,1,0
2012,47,27.0501,76,2,5
2012,47,27.0501,86,,5
2012,47,27.0501,86,1,5
2012,47,27.0501,86,2,0
2012,48,,,,80
2012,48,,,1,50
2012,48,,,2,30
2012,48,,66,,80
2012,48,,66,1,50
2012,48,,66,2,30
2012,48,,76,,0
2012,48,,76,1,0
2012,48,,76,2,0
2012,48,,86,,0
2012,48,,86,1,0
2012,48,,86,2,0
2012,48,26.1102,,,0
2012,48,26.1102,,1,0
2012,48,26.1102,,2,0
2012,48,26.1102,66,,0
2012,48,26.1102,66,1,0
2012,48,26.1102,66,2,0
2012,48,26.1102,76,,0
2012,48,26.1102,76,1,0
2012,48,26.1102,76,2,0
2012,48,26.1102,86,,0
2012,48,26.1102,86,1,0
2012,48,26.1102,86,2,0
2012,48,27.0501,,,80
2012,48,27.0501,,1,50
2012,48,27.0501,,2,30
2012,48,27.0501,66,,80
2012,48,27.0501,66,1,50
2012,48,27.0501,66,2,30
2012,48,27.0501,76,,0
2012,48,27.0501,76,1,0
2012,48,27.0501,76,2,0
2012,48,27.0501,86,,0
2012,48,27.0501,86,1,0
2012,48,27.0501,86,2,0
2012,59,,,,345
2012,59,,,1,185
2012,59,,,2,160
2012,59,,66,,250
2012,59,,66,1,135
2012,59,,66,2,115
2012,59,,76,,55
2012,59,,76,1,25
2012,59,,76,2,30
2012,59,,86,,40
2012,59,,86,1,25
2012,59,,86,2,15
2012,59,26.1102,,,0
2012,59,26.1102,,1,0
2012,59,26.1102,,2,0
2012,59,26.1102,66,,0
2012,59,26.1102,66,1,0
2012,59,26.1102,66,2,0
2012,59,26.1102,76,,0
2012,59,26.1102,76,1,0
2012,59,26.1102,76,2,0
2012,59,26.1102,86,,0
2012,59,26.1102,86,1,0
2012,59,26.1102,86,2,0
2012,59,27.0501,,,345
2012,59,27.0501,,1,185
2012,59,27.0501,,2,160
2012,59,27.0501,66,,250
2012,59,27.0501,66,1,135
2012,59,27.0501,66,2,115
2012,59,27.0501,76,,55
2012,59,27.0501,76,1,25
2012,59,27.0501,76,2,30
2012,59,27.0501,86,,40
2012,59,27.0501,86,1,25
2012,59,27.0501,86,2,15
2013,,,,,2060
2013,,,,1,1100
2013,,,,2,960
2013,,,66,,1500
2013,,,66,1,790
2013,,,66,2,710
2013,,,76,,335
2013,,,76,1,175
2013,,,76,2,160
2013,,,86,,225
2013,,,86,1,135
2013,,,86,2,90
2013,,26.1102,,,55
2013,,26.1102,,1,30
2013,,26.1102,,2,25
2013,,26.1102,66,,0
2013,,26.1102,66,1,0
2013,,26.1102,66,2,0
2013,,26.1102,76,,25
2013,,26.1102,76,1,15
2013,,26.1102,76,2,10
2013,,26.1102,86,,30
2013,,26.1102,86,1,15
2013,,26.1102,86,2,15
2013,,27.0501,,,2005
2013,,27.0501,,1,1070
2013,,27.0501,,2,935
2013,,27.0501,66,,1500
2013,,27.0501,66,1,790
2013,,27.0501,66,2,710
2013,,27.0501,76,,310
2013,,27.0501,76,1,160
2013,,27.0501,76,2,150
2013,,27.0501,86,,195
2013,,27.0501,86,1,120
2013,,27.0501,86,2,75
2013,10,,,,30
2013,10,,,1,20
2013,10,,,2,10
2013,10,,66,,10
2013,10,,66,1,10
2013,10,,66,2,0
2013,10,,76,,15
2013,10,,76,1,5
2013,10,,76,2,10
2013,10,,86,,5
2013,10,,86,1,5
2013,10,,86,2,0
2013,10,26.1102,,,0
2013,10,26.1102,,1,0
2013,10,26.1102,,2,0
2013,10,26.1102,66,,0
2013,10,26.1102,66,1,0
2013,10,26.1102,66,2,0
2013,10,26.1102,76,,0
2013,10,26.1102,76,1,0
2013,10,26.1102,76,2,0
2013,10,26.1102,86,,0
2013,10,26.1102,86,1,0
2013,10,26.1102,86,2,0
2013,10,27.0501,,,30
2013,10,27.0501,,1,20
2013,10,27.0501,,2,10
2013,10,27.0501,66,,10
2013,10,27.0501,66,1,10
2013,10,27.0501,66,2,0
2013,10,27.0501,76,,15
2013,10,27.0501,76,1,5
2013,10,27.0501,76,2,10
2013,10,27.0501,86,,5
2013,10,27.0501,86,1,5
2013,10,27.0501,86,2,0
2013,12,,,,35
2013,12,,,1,20
2013,12,,,2,15
2013,12,,66,,15
2013,12,,66,1,10
2013,12,,66,2,5
2013,12,,76,,15
2013,12,,76,1,5
2013,12,,76,2,10
2013,12,,86,,5
2013,12,,86,1,5
2013,12,,86,2,0
2013,12,26.1102,,,0
2013,12,26.1102,,1,0
2013,12,26.1102,,2,0
2013,12,26.1102,66,,0
2013,12,26.1102,66,1,0
2013,12,26.1102,66,2,0
2013,12,26.1102,76,,0
2013,12,26.1102,76,1,0
2013,12,26.1102,76,2,0
2013,12,26.1102,86,,0
2013,12,26.1102,86,1,0
2013,12,26.1102,86,2,0
2013,12,27.0501,,,35
2013,12,27.0501,,1,20
2013,12,27.0501,,2,15
2013,12,27.0501,66,,15
2013,12,27.0501,66,1,10
2013,12,27.0501,66,2,5
2013,12,27.0501,76,,15
2013,12,27.0501,76,1,5
2013,12,27.0501,76,2,10
2013,12,27.0501,86,,5
2013,12,27.0501,86,1,5
2013,12,27.0501,86,2,0
2013,13,,,,0
2013,13,,,1,0
2013,13,,,2,0
2013,13,,66,,0
2013,13,,66,1,0
2013,13,,66,2,0
2013,13,,76,,0
2013,13,,76,1,0
2013,13,,76,2,0
2013,13,,86,,0
2013,13,,86,1,0
2013,13,,86,2,0
2013,13,26.1102,,,0
2013,13,26.1102,,1,0
2013,13,26.1102,,2,0
2013,13,26.1102,66,,0
2013,13,26.1102,66,1,0
2013,13,26.1102,66,2,0
2013,13,26.1102,76,,0
2013,13,26.1102,76,1,0
2013,13,26.1102,76,2,0
2013,13,26.1102,86,,0
2013,13,26.1102,86,1,0
2013,13,26.1102,86,2,0
2013,13,27.0501,,,0
2013,13,27.0501,,1,0
2013,13,27.0501,,2,0
2013,13,27.0501,66,,0
2013,13,27.0501,66,1,0
2013,13,27.0501,66,2,0
2013,13,27.0501,76,,0
2013,13,27.0501,76,1,0
2013,13,27.0501,76,2,0
2013,13,27.0501,86,,0
2013,13,27.0501,86,1,0
2013,13,27.0501,86,2,0
2013,24,,,,235
2013,24,,,1,140
2013,24,,,2,95
2013,24,,66,,130
2013,24,,66,1,75
2013,24,,66,2,55
2013,24,,76,,75
2013,24,,76,1,40
2013,24,,76,2,35
2013,24,,86,,30
2013,24,,86,1,25
2013,24,,86,2,5
2013,24,26.1102,,,30
2013,24,26.1102,,1,15
2013,24,26.1102,,2,15
2013,24,26.1102,66,,0
2013,24,26.1102,66,1,0
2013,24,26.1102,66,2,0
2013,24,26.1102,76,,10
2013,24,26.1102,76,1,5
2013,24,26.1102,76,2,5
2013,24,26.1102,86,,15
2013,24,26.1102,86,1,10
2013,24,26.1102,86,2,5
2013,24,27.0501,,,210
2013,24,27.0501,,1,125
2013,24,27.0501,,2,85
2013,24,27.0501,66,,130
2013,24,27.0501,66,1,75
2013,24,27.0501,66,2,55
2013,24,27.0501,76,,65
2013,24,27.0501,76,1,35
2013,24,27.0501,76,2,30
2013,24,27.0501,86,,15
2013,24,27.0501,86,1,15
2013,24,27.0501,86,2,0
2013,35,,,,1210
2013,35,,,1,635
2013,35,,,2,575
2013,35,,66,,940
2013,35,,66,1,485
2013,35,,66,2,455
2013,35,,76,,145
2013,35,,76,1,80
2013,35,,76,2,65
2013,35,,86,,125
2013,35,,86,1,70
2013,35,,86,2,55
2013,35,26.1102,,,20
2013,35,26.1102,,1,10
2013,35,26.1102,,2,10
2013,35,26.1102,66,,0
2013,35,26.1102,66,1,0
2013,35,26.1102,66,2,0
2013,35,26.1102,76,,5
2013,35,26.1102,76,1,5
2013,35,26.1102,76,2,0
2013,35,26.1102,86,,15
2013,35,26.1102,86,1,5
2013,35,26.1102,86,2,10
2013,35,27.0501,,,1190
2013,35,27.0501,,1,625
2013,35,27.0501,,2,565
2013,35,27.0501,66,,940
2013,35,27.0501,66,1,485
2013,35,27.0501,66,2,455
2013,35,27.0501,76,,140
2013,35,27.0501,76,1,75
2013,35,27.0501,76,2,65
2013,35,27.0501,86,,110
2013,35,27.0501,86,1,65
2013,35,27.0501,86,2,45
2013,46,,,,65
2013,46,,,1,25
2013,46,,,2,40
2013,46,,66,,35
2013,46,,66,1,10
2013,46,,66,2,25
2013,46,,76,,15
2013,46,,76,1,5
2013,46,,76,2,10
2013,46,,86,,15
2013,46,,86,1,10
2013,46,,86,2,5
2013,46,26.1102,,,0
2013,46,26.1102,,1,0
2013,46,26.1102,,2,0
2013,46,26.1102,66,,0
2013,46,26.1102,66,1,0
2013,46,26.1102,66,2,0
2013,46,26.1102,76,,0
2013,46,26.1102,76,1,0
2013,46,26.1102,76,2,0
2013,46,26.1102,86,,0
2013,46,26.1102,86,1,0
2013,46,26.1102,86,2,0
2013,46,27.0501,,,65
2013,46,27.0501,,1,25
2013,46,27.0501,,2,40
2013,46,27.0501,66,,35
2013,46,27.0501,66,1,10
2013,46,27.0501,66,2,25
2013,46,27.0501,76,,15
2013,46,27.0501,76,1,5
2013,46,27.0501,76,2,10
2013,46,27.0501,86,,15
2013,46,27.0501,86,1,10
2013,46,27.0501,86,2,5
2013,47,,,,40
2013,47,,,1,25
2013,47,,,2,15
2013,47,,66,,15
2013,47,,66,1,10
2013,47,,66,2,5
2013,47,,76,,20
2013,47,,76,1,15
2013,47,,76,2,5
2013,47,,86,,5
2013,47,,86,1,0
2013,47,,86,2,5
2013,47,26.1102,,,10
2013,47,26.1102,,1,5
2013,47,26.1102,,2,5
2013,47,26.1102,66,,0
2013,47,26.1102,66,1,0
2013,47,26.1102,66,2,0
2013,47,26.1102,76,,10
2013,47,26.1102,76,1,5
2013,47,26.1102,76,2,5
2013,47,26.1102,86,,0
2013,47,26.1102,86,1,0
2013,47,26.1102,86,2,0
2013,47,27.0501,,,30
2013,47,27.0501,,1,20
2013,47,27.0501,,2,10
2013,47,27.0501,66,,15
2013,47,27.0501,66,1,10
2013,47,27.0501,66,2,5
2013,47,27.0501,76,,10
2013,47,27.0501,76,1,10
2013,47,27.0501,76,2,0
2013,47,27.0501,86,,5
2013,47,27.0501,86,1,0
2013,47,27.0501,86,2,5
2013,48,,,,90
2013,48,,,1,55
2013,48,,,2,35
2013,48,,66,,90
2013,48,,66,1,55
2013,48,,66,2,35
2013,48,,76,,0
2013,48,,76,1,0
2013,48,,76,2,0
2013,48,,86,,0
2013,48,,86,1,0
2013,48,,86,2,0
2013,48,26.1102,,,0
2013,48,26.1102,,1,0
2013,48,26.1102,,2,0
2013,48,26.1102,66,,0
2013,48,26.1102,66,1,0
2013,48,26.1102,66,2,0
2013,48,26.1102,76,,0
2013,48,26.1102,76,1,0
2013,48,26.1102,76,2,0
2013,48,26.1102,86,,0
2013,48,26.1102,86,1,0
2013,48,26.1102,86,2,0
2013,48,27.0501,,,90
2013,48,27.0501,,1,55
2013,48,27.0501,,2,35
2013,48,27.0501,66,,90
2013,48,27.0501,66,1,55
2013,48,27.0501,66,2,35
2013,48,27.0501,76,,0
2013,48,27.0501,76,1,0
2013,48,27.0501,76,2,0
2013,48,27.0501,86,,0
2013,48,27.0501,86,1,0
2013,48,27.0501,86,2,0
2013,59,,,,355
2013,59,,,1,180
2013,59,,,2,175
2013,59,,66,,265
2013,59,,66,1,135
2013,59,,66,2,130
2013,59,,76,,50
2013,59,,76,1,25
2013,59,,76,2,25
2013,59,,86,,40
2013,59,,86,1,20
2013,59,,86,2,20
2013,59,26.1102,,,0
2013,59,26.1102,,1,0
2013,59,26.1102,,2,0
2013,59,26.1102,66,,0
2013,59,26.1102,66,1,0
2013,59,26.1102,66,2,0
2013,59,26.1102,76,,0
2013,59,26.1102,76,1,0
2013,59,26.1102,76,2,0
2013,59,26.1102,86,,0
2013,59,26.1102,86,1,0
2013,59,26.1102,86,2,0
2013,59,27.0501,,,355
2013,59,27.0501,,1,180
2013,59,27.0501,,2,175
2013,59,27.0501,66,,265
2013,59,27.0501,66,1,135
2013,59,27.0501,66,2,130
2013,59,27.0501,76,,50
2013,59,27.0501,76,1,25
2013,59,27.0501,76,2,25
2013,59,27.0501,86,,40
2013,59,27.0501,86,1,20
2013,59,27.0501,86,2,20
2014,,,,,2360
2014,,,,1,1225
2014,,,,2,1135
2014,,,66,,1825
2014,,,66,1,910
2014,,,66,2,915
2014,,,76,,310
2014,,,76,1,165
2014,,,76,2,145
2014,,,86,,225
2014,,,86,1,150
2014,,,86,2,75
2014,,26.1102,,,50
2014,,26.1102,,1,25
2014,,26.1102,,2,25
2014,,26.1102,66,,5
2014,,26.1102,66,1,5
2014,,26.1102,66,2,0
2014,,26.1102,76,,20
2014,,26.1102,76,1,5
2014,,26.1102,76,2,15
2014,,26.1102,86,,25
2014,,26.1102,86,1,15
2014,,26.1102,86,2,10
2014,,27.0501,,,2310
2014,,27.0501,,1,1200
2014,,27.0501,,2,1110
2014,,27.0501,66,,1820
2014,,27.0501,66,1,905
2014,,27.0501,66,2,915
2014,,27.0501,76,,290
2014,,27.0501,76,1,160
2014,,27.0501,76,2,130
2014,,27.0501,86,,200
2014,,27.0501,86,1,135
2014,,27.0501,86,2,65
2014,10,,,,30
2014,10,,,1,20
2014,10,,,2,10
2014,10,,66,,5
2014,10,,66,1,0
2014,10,,66,2,5
2014,10,,76,,15
2014,10,,76,1,10
2014,10,,76,2,5
2014,10,,86,,10
2014,10,,86,1,10
2014,10,,86,2,0
2014,10,26.1102,,,0
2014,10,26.1102,,1,0
2014,10,26.1102,,2,0
2014,10,26.1102,66,,0
2014,10,26.1102,66,1,0
2014,10,26.1102,66,2,0
2014,10,26.1102,76,,0
2014,10,26.1102,76,1,0
2014,10,26.1102,76,2,0
2014,10,26.1102,86,,0
2014,10,26.1102,86,1,0
2014,10,26.1102,86,2,0
2014,10,27.0501,,,30
2014,10,27.0501,,1,20
2014,10,27.0501,,2,10
2014,10,27.0501,66,,5
2014,10,27.0501,66,1,0
2014,10,27.0501,66,2,5
2014,10,27.0501,76,,15
2014,10,27.0501,76,1,10
2014,10,27.0501,76,2,5
2014,10,27.0501,86,,10
2014,10,27.0501,86,1,10
2014,10,27.0501,86,2,0
2014,12,,,,60
2014,12,,,1,30
2014,12,,,2,30
2014,12,,66,,35
2014,12,,66,1,15
2014,12,,66,2,20
2014,12,,76,,15
2014,12,,76,1,5
2014,12,,76,2,10
2014,12,,86,,10
2014,12,,86,1,10
2014,12,,86,2,0
2014,12,26.1102,,,0
2014,12,26.1102,,1,0
2014,12,26.1102,,2,0
2014,12,26.1102,66,,0
2014,12,26.1102,66,1,0
2014,12,26.1102,66,2,0
2014,12,26.1102,76,,0
2014,12,26.1102,76,1,0
2014,12,26.1102,76,2,0
2014,12,26.1102,86,,0
2014,12,26.1102,86,1,0
2014,12,26.1102,86,2,0
2014,12,27.0501,,,60
2014,12,27.0501,,1,30
2014,12,27.0501,,2,30
2014,12,27.0501,66,,35
2014,12,27.0501,66,1,15
2014,12,27.0501,66,2,20
2014,12,27.0501,76,,15
2014,12,27.0501,76,1,5
2014,12,27.0501,76,2,10
2014,12,27.0501,86,,10
2014,12,27.0501,86,1,10
2014,12,27.0501,86,2,0
2014,13,,,,0
2014,13,,,1,0
2014,13,,,2,0
2014,13,,66,,0
2014,13,,66,1,0
2014,13,,66,2,0
2014,13,,76,,0
2014,13,,76,1,0
2014,13,,76,2,0
2014,13,,86,,0
2014,13,,86,1,0
2014,13,,86,2,0
2014,13,26.1102,,,0
2014,13,26.1102,,1,0
2014,13,26.1102,,2,0
2014,13,26.1102,66,,0
2014,13,26.1102,66,1,0
2014,13,26.1102,66,2,0
2014,13,26.1102,76,,0
2014,13,26.1102,76,1,0
2014,13,26.1102,76,2,0
2014,13,26.1102,86,,0
2014,13,26.1102,86,1,0
2014,13,26.1102,86,2,0
2014,13,27.0501,,,0
2014,13,27.0501,,1,0
2014,13,27.0501,,2,0
2014,13,27.0501,66,,0
2014,13,27.0501,66,1,0
2014,13,27.0501,66,2,0
2014,13,27.0501,76,,0
2014,13,27.0501,76,1,0
2014,13,27.0501,76,2,0
2014,13,27.0501,86,,0
2014,13,27.0501,86,1,0
2014,13,27.0501,86,2,0
2014,24,,,,265
2014,24,,,1,155
2014,24,,,2,110
2014,24,,66,,160
2014,24,,66,1,95
2014,24,,66,2,65
2014,24,,76,,70
2014,24,,76,1,40
2014,24,,76,2,30
2014,24,,86,,35
2014,24,,86,1,20
2014,24,,86,2,15
2014,24,26.1102,,,30
2014,24,26.1102,,1,15
2014,24,26.1102,,2,15
2014,24,26.1102,66,,0
2014,24,26.1102,66,1,0
2014,24,26.1102,66,2,0
2014,24,26.1102,76,,10
2014,24,26.1102,76,1,5
2014,24,26.1102,76,2,5
2014,24,26.1102,86,,20
2014,24,26.1102,86,1,10
2014,24,26.1102,86,2,10
2014,24,27.0501,,,235
2014,24,27.0501,,1,140
2014,24,27.0501,,2,95
2014,24,27.0501,66,,160
2014,24,27.0501,66,1,95
2014,24,27.0501,66,2,65
2014,24,27.0501,76,,60
2014,24,27.0501,76,1,35
2014,24,27.0501,76,2,25
2014,24,27.0501,86,,15
2014,24,27.0501,86,1,10
2014,24,27.0501,86,2,5
2014,35,,,,1440
2014,35,,,1,730
2014,35,,,2,710
2014,35,,66,,1205
2014,35,,66,1,590
2014,35,,66,2,615
2014,35,,76,,125
2014,35,,76,1,65
2014,35,,76,2,60
2014,35,,86,,110
2014,35,,86,1,75
2014,35,,86,2,35
2014,35,26.1102,,,10
2014,35,26.1102,,1,5
2014,35,26.1102,,2,5
2014,35,26.1102,66,,5
2014,35,26.1102,66,1,5
2014,35,26.1102,66,2,0
2014,35,26.1102,76,,5
2014,35,26.1102,76,1,0
2014,35,26.1102,76,2,5
2014,35,26.1102,86,,0
2014,35,26.1102,86,1,0
2014,35,26.1102,86,2,0
2014,35,27.0501,,,1430
2014,35,27.0501,,1,725
2014,35,27.0501,,2,705
2014,35,27.0501,66,,1200
2014,35,27.0501,66,1,585
2014,35,27.0501,66,2,615
2014,35,27.0501,76,,120
2014,35,27.0501,76,1,65
2014,35,27.0501,76,2,55
2014,35,27.0501,86,,110
2014,35,27.0501,86,1,75
2014,35,27.0501,86,2,35
2014,46,,,,65
2014,46,,,1,30
2014,46,,,2,35
2014,46,,66,,40
2014,46,,66,1,20
2014,46,,66,2,20
2014,46,,76,,15
2014,46,,76,1,10
2014,46,,76,2,5
2014,46,,86,,10
2014,46,,86,1,0
2014,46,,86,2,10
2014,46,26.1102,,,0
2014,46,26.1102,,1,0
2014,46,26.1102,,2,0
2014,46,26.1102,66,,0
2014,46,26.1102,66,1,0
2014,46,26.1102,66,2,0
2014,46,26.1102,76,,0
2014,46,26.1102,76,1,0
2014,46,26.1102,76,2,0
2014,46,26.1102,86,,0
2014,46,26.1102,86,1,0
2014,46,26.1102,86,2,0
2014,46,27.0501,,,65
2014,46,27.0501,,1,30
2014,46,27.0501,,2,35
2014,46,27.0501,66,,40
2014,46,27.0501,66,1,20
2014,46,27.0501,66,2,20
2014,46,27.0501,76,,15
2014,46,27.0501,76,1,10
2014,46,27.0501,76,2,5
2014,46,27.0501,86,,10
2014,46,27.0501,86,1,0
2014,46,27.0501,86,2,10
2014,47,,,,35
2014,47,,,1,20
2014,47,,,2,15
2014,47,,66,,10
2014,47,,66,1,5
2014,47,,66,2,5
2014,47,,76,,20
2014,47,,76,1,10
2014,47,,76,2,10
2014,47,,86,,5
2014,47,,86,1,5
2014,47,,86,2,0
2014,47,26.1102,,,10
2014,47,26.1102,,1,5
2014,47,26.1102,,2,5
2014,47,26.1102,66,,0
2014,47,26.1102,66,1,0
2014,47,26.1102,66,2,0
2014,47,26.1102,76,,5
2014,47,26.1102,76,1,0
2014,47,26.1102,76,2,5
2014,47,26.1102,86,,5
2014,47,26.1102,86,1,5
2014,47,26.1102,86,2,0
2014,47,27.0501,,,25
2014,47,27.0501,,1,15
2014,47,27.0501,,2,10
2014,47,27.0501,66,,10
2014,47,27.0501,66,1,5
2014,47,27.0501,66,2,5
2014,47,27.0501,76,,15
2014,47,27.0501,76,1,10
2014,47,27.0501,76,2,5
2014,47,27.0501,86,,0
2014,47,27.0501,86,1,0
2014,47,27.0501,86,2,0
2014,48,,,,105
2014,48,,,1,50
2014,48,,,2,55
2014,48,,66,,105
2014,48,,66,1,50
2014,48,,66,2,55
2014,48,,76,,0
2014,48,,76,1,0
2014,48,,76,2,0
2014,48,,86,,0
2014,48,,86,1,0
2014,48,,86,2,0
2014,48,26.1102,,,0
2014,48,26.1102,,1,0
2014,48,26.1102,,2,0
2014,48,26.1102,66,,0
2014,48,26.1102,66,1,0
2014,48,26.1102,66,2,0
2014,48,26.1102,76,,0
2014,48,26.1102,76,1,0
2014,48,26.1102,76,2,0
2014,48,26.1102,86,,0
2014,48,26.1102,86,1,0
2014,48,26.1102,86,2,0
2014,48,27.0501,,,105
2014,48,27.0501,,1,50
2014,48,27.0501,,2,55
2014,48,27.0501,66,,105
2014,48,27.0501,66,1,50
2014,48,27.0501,66,2,55
2014,48,27.0501,76,,0
2014,48,27.0501,76,1,0
2014,48,27.0501,76,2,0
2014,48,27.0501,86,,0
2014,48,27.0501,86,1,0
2014,48,27.0501,86,2,0
2014,59,,,,360
2014,59,,,1,190
2014,59,,,2,170
2014,59,,66,,265
2014,59,,66,1,135
2014,59,,66,2,130
2014,59,,76,,50
2014,59,,76,1,25
2014,59,,76,2,25
2014,59,,86,,45
2014,59,,86,1,30
2014,59,,86,2,15
2014,59,26.1102,,,0
2014,59,26.1102,,1,0
2014,59,26.1102,,2,0
2014,59,26.1102,66,,0
2014,59,26.1102,66,1,0
2014,59,26.1102,66,2,0
2014,59,26.1102,76,,0
2014,59,26.1102,76,1,0
2014,59,26.1102,76,2,0
2014,59,26.1102,86,,0
2014,59,26.1102,86,1,0
2014,59,26.1102,86,2,0
2014,59,27.0501,,,360
2014,59,27.0501,,1,190
2014,59,27.0501,,2,170
2014,59,27.0501,66,,265
2014,59,27.0501,66,1,135
2014,59,27.0501,66,2,130
2014,59,27.0501,76,,50
2014,59,27.0501,76,1,25
2014,59,27.0501,76,2,25
2014,59,27.0501,86,,45
2014,59,27.0501,86,1,30
2014,59,27.0501,86,2,15
